"title","start_time","end_time","description","exercise_title","superset_id","exercise_notes","set_index","set_type","weight_kg","reps","distance_km","duration_seconds","rpe"
"Abs at work","5 Feb 2026, 15:01","5 Feb 2026, 15:09","","Side Plank",,"",0,"normal",,,,20,
"Abs at work","5 Feb 2026, 15:01","5 Feb 2026, 15:09","","Side Plank",,"",1,"normal",,,,20,
"Abs at work","5 Feb 2026, 15:01","5 Feb 2026, 15:09","","Side Plank",,"",2,"normal",,,,20,
"Abs at work","5 Feb 2026, 15:01","5 Feb 2026, 15:09","","Russian Twist (Bodyweight)",,"",0,"normal",,10,,,
"Abs at work","5 Feb 2026, 15:01","5 Feb 2026, 15:09","","Russian Twist (Bodyweight)",,"",1,"normal",,10,,,
"Abs at work","5 Feb 2026, 15:01","5 Feb 2026, 15:09","","Russian Twist (Bodyweight)",,"",2,"normal",,10,,,
"Day B â€“ Bench Press","3 Feb 2026, 17:34","3 Feb 2026, 18:41","Ihan hyvÃ¤ perustreeni.","Face Pull",,"",0,"normal",45,10,,,6
"Day B â€“ Bench Press","3 Feb 2026, 17:34","3 Feb 2026, 18:41","Ihan hyvÃ¤ perustreeni.","Face Pull",,"",1,"normal",45,10,,,6
"Day B â€“ Bench Press","3 Feb 2026, 17:34","3 Feb 2026, 18:41","Ihan hyvÃ¤ perustreeni.","Face Pull",,"",2,"normal",45,10,,,6
"Day B â€“ Bench Press","3 Feb 2026, 17:34","3 Feb 2026, 18:41","Ihan hyvÃ¤ perustreeni.","Bench Press (Barbell)",,"",0,"normal",45,3,,,7
"Day B â€“ Bench Press","3 Feb 2026, 17:34","3 Feb 2026, 18:41","Ihan hyvÃ¤ perustreeni.","Bench Press (Barbell)",,"",1,"normal",45,3,,,7.5
"Day B â€“ Bench Press","3 Feb 2026, 17:34","3 Feb 2026, 18:41","Ihan hyvÃ¤ perustreeni.","Bench Press (Barbell)",,"",2,"normal",45,3,,,7.5
"Day B â€“ Bench Press","3 Feb 2026, 17:34","3 Feb 2026, 18:41","Ihan hyvÃ¤ perustreeni.","Bench Press (Barbell)",,"",3,"normal",45,3,,,7.5
"Day B â€“ Bench Press","3 Feb 2026, 17:34","3 Feb 2026, 18:41","Ihan hyvÃ¤ perustreeni.","Bench Press (Barbell)",,"",4,"normal",45,7,,,8
"Day B â€“ Bench Press","3 Feb 2026, 17:34","3 Feb 2026, 18:41","Ihan hyvÃ¤ perustreeni.","Overhead Press (Barbell)",,"",0,"normal",23,10,,,7
"Day B â€“ Bench Press","3 Feb 2026, 17:34","3 Feb 2026, 18:41","Ihan hyvÃ¤ perustreeni.","Overhead Press (Barbell)",,"",1,"normal",23,10,,,8
"Day B â€“ Bench Press","3 Feb 2026, 17:34","3 Feb 2026, 18:41","Ihan hyvÃ¤ perustreeni.","Overhead Press (Barbell)",,"",2,"normal",23,10,,,8
"Day B â€“ Bench Press","3 Feb 2026, 17:34","3 Feb 2026, 18:41","Ihan hyvÃ¤ perustreeni.","Lat Pulldown (Cable)",,"",0,"normal",40,10,,,
"Day B â€“ Bench Press","3 Feb 2026, 17:34","3 Feb 2026, 18:41","Ihan hyvÃ¤ perustreeni.","Lat Pulldown (Cable)",,"",1,"normal",40,10,,,6
"Day B â€“ Bench Press","3 Feb 2026, 17:34","3 Feb 2026, 18:41","Ihan hyvÃ¤ perustreeni.","Lat Pulldown (Cable)",,"",2,"normal",40,10,,,6
"Day B â€“ Bench Press","3 Feb 2026, 17:34","3 Feb 2026, 18:41","Ihan hyvÃ¤ perustreeni.","Overhead Triceps Extension (Cable)",0,"",0,"normal",10,15,,,6
"Day B â€“ Bench Press","3 Feb 2026, 17:34","3 Feb 2026, 18:41","Ihan hyvÃ¤ perustreeni.","Overhead Triceps Extension (Cable)",0,"",1,"normal",10,15,,,6
"Day B â€“ Bench Press","3 Feb 2026, 17:34","3 Feb 2026, 18:41","Ihan hyvÃ¤ perustreeni.","Overhead Triceps Extension (Cable)",0,"",2,"normal",10,15,,,6
"Day B â€“ Bench Press","3 Feb 2026, 17:34","3 Feb 2026, 18:41","Ihan hyvÃ¤ perustreeni.","Bicep Curl (Cable)",0,"",0,"normal",20,15,,,6
"Day B â€“ Bench Press","3 Feb 2026, 17:34","3 Feb 2026, 18:41","Ihan hyvÃ¤ perustreeni.","Bicep Curl (Cable)",0,"",1,"normal",20,15,,,6
"Day B â€“ Bench Press","3 Feb 2026, 17:34","3 Feb 2026, 18:41","Ihan hyvÃ¤ perustreeni.","Bicep Curl (Cable)",0,"",2,"normal",20,15,,,
"Day B â€“ Bench Press","3 Feb 2026, 17:34","3 Feb 2026, 18:41","Ihan hyvÃ¤ perustreeni.","Seated Calf Raise",,"",0,"normal",22.5,15,,,6
"Abs","2 Feb 2026, 16:47","2 Feb 2026, 17:03","","Ab Wheel",,"",0,"normal",,5,,,
"Abs","2 Feb 2026, 16:47","2 Feb 2026, 17:03","","Ab Wheel",,"",1,"normal",,5,,,
"Abs","2 Feb 2026, 16:47","2 Feb 2026, 17:03","","Ab Wheel",,"",2,"normal",,5,,,
"Abs","2 Feb 2026, 16:47","2 Feb 2026, 17:03","","Russian Twist (Weighted)",,"",0,"normal",8,10,,,
"Abs","2 Feb 2026, 16:47","2 Feb 2026, 17:03","","Russian Twist (Weighted)",,"",1,"normal",8,10,,,
"Abs","2 Feb 2026, 16:47","2 Feb 2026, 17:03","","Russian Twist (Weighted)",,"",2,"normal",8,10,,,
"Day A â€“ Deadlift","1 Feb 2026, 15:34","1 Feb 2026, 17:04","","Face Pull",,"Trying to keep it lighter to cap at 6 RPE. Doing small stops.",0,"normal",45,10,,0,6
"Day A â€“ Deadlift","1 Feb 2026, 15:34","1 Feb 2026, 17:04","","Face Pull",,"Trying to keep it lighter to cap at 6 RPE. Doing small stops.",1,"normal",45,10,,0,6
"Day A â€“ Deadlift","1 Feb 2026, 15:34","1 Feb 2026, 17:04","","Face Pull",,"Trying to keep it lighter to cap at 6 RPE. Doing small stops.",2,"normal",45,10,,0,6
"Day A â€“ Deadlift","1 Feb 2026, 15:34","1 Feb 2026, 17:04","","Deadlift (Barbell)",,"",0,"normal",85,3,,0,7
"Day A â€“ Deadlift","1 Feb 2026, 15:34","1 Feb 2026, 17:04","","Deadlift (Barbell)",,"",1,"normal",85,3,,0,7
"Day A â€“ Deadlift","1 Feb 2026, 15:34","1 Feb 2026, 17:04","","Deadlift (Barbell)",,"",2,"normal",85,3,,0,7.5
"Day A â€“ Deadlift","1 Feb 2026, 15:34","1 Feb 2026, 17:04","","Deadlift (Barbell)",,"",3,"normal",85,3,,0,7.5
"Day A â€“ Deadlift","1 Feb 2026, 15:34","1 Feb 2026, 17:04","","Deadlift (Barbell)",,"",4,"normal",85,6,,0,8
"Day A â€“ Deadlift","1 Feb 2026, 15:34","1 Feb 2026, 17:04","","Squat (Barbell)",,"",0,"normal",52.5,8,,0,6
"Day A â€“ Deadlift","1 Feb 2026, 15:34","1 Feb 2026, 17:04","","Squat (Barbell)",,"",1,"normal",52.5,8,,0,6
"Day A â€“ Deadlift","1 Feb 2026, 15:34","1 Feb 2026, 17:04","","Squat (Barbell)",,"",2,"normal",52.5,8,,0,6
"Day A â€“ Deadlift","1 Feb 2026, 15:34","1 Feb 2026, 17:04","","Dumbbell Row",,"Still a bit too heavy... Let's do controlled reps with a pause next time with 15 kg",0,"normal",17.5,15,,0,7
"Day A â€“ Deadlift","1 Feb 2026, 15:34","1 Feb 2026, 17:04","","Dumbbell Row",,"Still a bit too heavy... Let's do controlled reps with a pause next time with 15 kg",1,"normal",17.5,10,,0,6
"Day A â€“ Deadlift","1 Feb 2026, 15:34","1 Feb 2026, 17:04","","Dumbbell Row",,"Still a bit too heavy... Let's do controlled reps with a pause next time with 15 kg",2,"normal",17.5,8,,0,6
"Day A â€“ Deadlift","1 Feb 2026, 15:34","1 Feb 2026, 17:04","","Seated Calf Raise",0,"",0,"normal",22.5,13,,0,7
"Day A â€“ Deadlift","1 Feb 2026, 15:34","1 Feb 2026, 17:04","","Seated Calf Raise",0,"",1,"normal",22.5,13,,0,7
"Day A â€“ Deadlift","1 Feb 2026, 15:34","1 Feb 2026, 17:04","","Seated Calf Raise",0,"",2,"normal",22.5,13,,0,7
"Day A â€“ Deadlift","1 Feb 2026, 15:34","1 Feb 2026, 17:04","","Lateral Raise (Dumbbell)",0,"",0,"normal",5,15,,0,6
"Day A â€“ Deadlift","1 Feb 2026, 15:34","1 Feb 2026, 17:04","","Lateral Raise (Dumbbell)",0,"",1,"normal",5,13,,0,6
"Day A â€“ Deadlift","1 Feb 2026, 15:34","1 Feb 2026, 17:04","","Lateral Raise (Dumbbell)",0,"",2,"normal",5,15,,0,6
"Day D â€“ Overhead Press","27 Jan 2026, 18:27","27 Jan 2026, 19:32","","Face Pull",,"",0,"normal",45,10,,0,
"Day D â€“ Overhead Press","27 Jan 2026, 18:27","27 Jan 2026, 19:32","","Face Pull",,"",1,"normal",45,10,,0,
"Day D â€“ Overhead Press","27 Jan 2026, 18:27","27 Jan 2026, 19:32","","Face Pull",,"",2,"normal",45,10,,0,
"Day D â€“ Overhead Press","27 Jan 2026, 18:27","27 Jan 2026, 19:32","","Overhead Press (Barbell)",,"",0,"normal",35.5,3,,0,
"Day D â€“ Overhead Press","27 Jan 2026, 18:27","27 Jan 2026, 19:32","","Overhead Press (Barbell)",,"",1,"normal",35.5,3,,0,
"Day D â€“ Overhead Press","27 Jan 2026, 18:27","27 Jan 2026, 19:32","","Overhead Press (Barbell)",,"",2,"normal",35.5,3,,0,
"Day D â€“ Overhead Press","27 Jan 2026, 18:27","27 Jan 2026, 19:32","","Overhead Press (Barbell)",,"",3,"normal",35.5,3,,0,
"Day D â€“ Overhead Press","27 Jan 2026, 18:27","27 Jan 2026, 19:32","","Overhead Press (Barbell)",,"",4,"normal",35.5,6,,0,
"Day D â€“ Overhead Press","27 Jan 2026, 18:27","27 Jan 2026, 19:32","","Bench Press (Barbell)",,"",0,"normal",35.5,10,,0,
"Day D â€“ Overhead Press","27 Jan 2026, 18:27","27 Jan 2026, 19:32","","Bench Press (Barbell)",,"",1,"normal",35.5,10,,0,
"Day D â€“ Overhead Press","27 Jan 2026, 18:27","27 Jan 2026, 19:32","","Bench Press (Barbell)",,"",2,"normal",35.5,10,,0,
"Day D â€“ Overhead Press","27 Jan 2026, 18:27","27 Jan 2026, 19:32","","Lat Pulldown (Cable)",,"",0,"normal",35,15,,0,
"Day D â€“ Overhead Press","27 Jan 2026, 18:27","27 Jan 2026, 19:32","","Lat Pulldown (Cable)",,"",1,"normal",35,15,,0,
"Day D â€“ Overhead Press","27 Jan 2026, 18:27","27 Jan 2026, 19:32","","Lat Pulldown (Cable)",,"",2,"normal",35,15,,0,
"Day D â€“ Overhead Press","27 Jan 2026, 18:27","27 Jan 2026, 19:32","","Overhead Triceps Extension (Cable)",0,"",0,"normal",15,15,,0,
"Day D â€“ Overhead Press","27 Jan 2026, 18:27","27 Jan 2026, 19:32","","Overhead Triceps Extension (Cable)",0,"",1,"normal",15,15,,0,
"Day D â€“ Overhead Press","27 Jan 2026, 18:27","27 Jan 2026, 19:32","","Overhead Triceps Extension (Cable)",0,"",2,"normal",15,15,,0,
"Day D â€“ Overhead Press","27 Jan 2026, 18:27","27 Jan 2026, 19:32","","Bicep Curl (Cable)",0,"",0,"normal",25,15,,0,
"Day D â€“ Overhead Press","27 Jan 2026, 18:27","27 Jan 2026, 19:32","","Bicep Curl (Cable)",0,"",1,"normal",25,15,,0,
"Day D â€“ Overhead Press","27 Jan 2026, 18:27","27 Jan 2026, 19:32","","Bicep Curl (Cable)",0,"",2,"normal",25,15,,0,
"Day C â€“ Squat","25 Jan 2026, 12:17","25 Jan 2026, 13:09","","Face Pull",,"",0,"normal",45,10,,,
"Day C â€“ Squat","25 Jan 2026, 12:17","25 Jan 2026, 13:09","","Face Pull",,"",1,"normal",45,10,,,
"Day C â€“ Squat","25 Jan 2026, 12:17","25 Jan 2026, 13:09","","Face Pull",,"",2,"normal",45,10,,,
"Day C â€“ Squat","25 Jan 2026, 12:17","25 Jan 2026, 13:09","","Squat (Barbell)",,"",0,"normal",67.5,3,,,
"Day C â€“ Squat","25 Jan 2026, 12:17","25 Jan 2026, 13:09","","Squat (Barbell)",,"",1,"normal",67.5,3,,,
"Day C â€“ Squat","25 Jan 2026, 12:17","25 Jan 2026, 13:09","","Squat (Barbell)",,"",2,"normal",67.5,3,,,
"Day C â€“ Squat","25 Jan 2026, 12:17","25 Jan 2026, 13:09","","Squat (Barbell)",,"",3,"normal",67.5,3,,,
"Day C â€“ Squat","25 Jan 2026, 12:17","25 Jan 2026, 13:09","","Squat (Barbell)",,"",4,"normal",67.5,6,,,
"Day C â€“ Squat","25 Jan 2026, 12:17","25 Jan 2026, 13:09","","Deadlift (Barbell)",,"",0,"normal",67.5,10,,,
"Day C â€“ Squat","25 Jan 2026, 12:17","25 Jan 2026, 13:09","","Deadlift (Barbell)",,"",1,"normal",67.5,10,,,
"Day C â€“ Squat","25 Jan 2026, 12:17","25 Jan 2026, 13:09","","Deadlift (Barbell)",,"",2,"normal",67.5,10,,,
"Day C â€“ Squat","25 Jan 2026, 12:17","25 Jan 2026, 13:09","","Seated Calf Raise",0,"",0,"normal",22.5,15,,,
"Day B â€“ Bench Press","24 Jan 2026, 11:25","24 Jan 2026, 12:33","","Face Pull",,"",0,"normal",45,10,,0,
"Day B â€“ Bench Press","24 Jan 2026, 11:25","24 Jan 2026, 12:33","","Face Pull",,"",1,"normal",45,10,,0,
"Day B â€“ Bench Press","24 Jan 2026, 11:25","24 Jan 2026, 12:33","","Face Pull",,"",2,"normal",45,10,,0,
"Day B â€“ Bench Press","24 Jan 2026, 11:25","24 Jan 2026, 12:33","","Bench Press (Barbell)",,"",0,"normal",44,3,,0,
"Day B â€“ Bench Press","24 Jan 2026, 11:25","24 Jan 2026, 12:33","","Bench Press (Barbell)",,"",1,"normal",44,3,,0,
"Day B â€“ Bench Press","24 Jan 2026, 11:25","24 Jan 2026, 12:33","","Bench Press (Barbell)",,"",2,"normal",44,3,,0,
"Day B â€“ Bench Press","24 Jan 2026, 11:25","24 Jan 2026, 12:33","","Bench Press (Barbell)",,"",3,"normal",44,3,,0,
"Day B â€“ Bench Press","24 Jan 2026, 11:25","24 Jan 2026, 12:33","","Bench Press (Barbell)",,"",4,"normal",44,7,,0,
"Day B â€“ Bench Press","24 Jan 2026, 11:25","24 Jan 2026, 12:33","","Overhead Press (Barbell)",,"",0,"normal",22.5,10,,0,
"Day B â€“ Bench Press","24 Jan 2026, 11:25","24 Jan 2026, 12:33","","Overhead Press (Barbell)",,"",1,"normal",22.5,10,,0,
"Day B â€“ Bench Press","24 Jan 2026, 11:25","24 Jan 2026, 12:33","","Overhead Press (Barbell)",,"",2,"normal",22.5,10,,0,
"Day B â€“ Bench Press","24 Jan 2026, 11:25","24 Jan 2026, 12:33","","Lat Pulldown (Cable)",,"",0,"normal",40,15,,0,
"Day B â€“ Bench Press","24 Jan 2026, 11:25","24 Jan 2026, 12:33","","Lat Pulldown (Cable)",,"",1,"normal",40,15,,0,
"Day B â€“ Bench Press","24 Jan 2026, 11:25","24 Jan 2026, 12:33","","Lat Pulldown (Cable)",,"",2,"normal",40,15,,0,
"Day B â€“ Bench Press","24 Jan 2026, 11:25","24 Jan 2026, 12:33","","Overhead Triceps Extension (Cable)",0,"",0,"normal",15,15,,0,
"Day B â€“ Bench Press","24 Jan 2026, 11:25","24 Jan 2026, 12:33","","Overhead Triceps Extension (Cable)",0,"",1,"normal",15,15,,0,
"Day B â€“ Bench Press","24 Jan 2026, 11:25","24 Jan 2026, 12:33","","Overhead Triceps Extension (Cable)",0,"",2,"normal",15,15,,0,
"Day B â€“ Bench Press","24 Jan 2026, 11:25","24 Jan 2026, 12:33","","Bicep Curl (Cable)",0,"",0,"normal",20,15,,0,
"Day B â€“ Bench Press","24 Jan 2026, 11:25","24 Jan 2026, 12:33","","Bicep Curl (Cable)",0,"",1,"normal",20,15,,0,
"Day B â€“ Bench Press","24 Jan 2026, 11:25","24 Jan 2026, 12:33","","Bicep Curl (Cable)",0,"",2,"normal",20,15,,0,
"Day A â€“ Deadlift","20 Jan 2026, 17:59","20 Jan 2026, 19:15","","Face Pull",,"",0,"normal",55,10,,0,
"Day A â€“ Deadlift","20 Jan 2026, 17:59","20 Jan 2026, 19:15","","Face Pull",,"",1,"normal",55,10,,0,
"Day A â€“ Deadlift","20 Jan 2026, 17:59","20 Jan 2026, 19:15","","Face Pull",,"",2,"normal",55,10,,0,
"Day A â€“ Deadlift","20 Jan 2026, 17:59","20 Jan 2026, 19:15","","Deadlift (Barbell)",,"",0,"normal",82.5,3,,0,
"Day A â€“ Deadlift","20 Jan 2026, 17:59","20 Jan 2026, 19:15","","Deadlift (Barbell)",,"",1,"normal",82.5,3,,0,
"Day A â€“ Deadlift","20 Jan 2026, 17:59","20 Jan 2026, 19:15","","Deadlift (Barbell)",,"",2,"normal",82.5,3,,0,
"Day A â€“ Deadlift","20 Jan 2026, 17:59","20 Jan 2026, 19:15","","Deadlift (Barbell)",,"",3,"normal",82.5,3,,0,
"Day A â€“ Deadlift","20 Jan 2026, 17:59","20 Jan 2026, 19:15","","Deadlift (Barbell)",,"",4,"normal",82.5,7,,0,
"Day A â€“ Deadlift","20 Jan 2026, 17:59","20 Jan 2026, 19:15","","Squat (Barbell)",,"",0,"normal",50,10,,0,
"Day A â€“ Deadlift","20 Jan 2026, 17:59","20 Jan 2026, 19:15","","Squat (Barbell)",,"",1,"normal",50,10,,0,
"Day A â€“ Deadlift","20 Jan 2026, 17:59","20 Jan 2026, 19:15","","Squat (Barbell)",,"",2,"normal",50,10,,0,
"Day A â€“ Deadlift","20 Jan 2026, 17:59","20 Jan 2026, 19:15","","Dumbbell Row",,"",0,"normal",22.5,13,,0,
"Day A â€“ Deadlift","20 Jan 2026, 17:59","20 Jan 2026, 19:15","","Dumbbell Row",,"",1,"normal",22.5,13,,0,
"Day A â€“ Deadlift","20 Jan 2026, 17:59","20 Jan 2026, 19:15","","Dumbbell Row",,"",2,"normal",22.5,13,,0,
"Day A â€“ Deadlift","20 Jan 2026, 17:59","20 Jan 2026, 19:15","","Lateral Raise (Dumbbell)",0,"",0,"normal",5,15,,0,
"Day A â€“ Deadlift","20 Jan 2026, 17:59","20 Jan 2026, 19:15","","Lateral Raise (Dumbbell)",0,"",1,"normal",5,15,,0,
"Day A â€“ Deadlift","20 Jan 2026, 17:59","20 Jan 2026, 19:15","","Lateral Raise (Dumbbell)",0,"",2,"normal",5,15,,0,
"Day A â€“ Deadlift","20 Jan 2026, 17:59","20 Jan 2026, 19:15","","Seated Calf Raise",0,"",0,"normal",20,15,,0,
"Day A â€“ Deadlift","20 Jan 2026, 17:59","20 Jan 2026, 19:15","","Seated Calf Raise",0,"",1,"normal",20,15,,0,
"Day A â€“ Deadlift","20 Jan 2026, 17:59","20 Jan 2026, 19:15","","Seated Calf Raise",0,"",2,"normal",20,15,,0,
"Day D â€“ Overhead Press","18 Jan 2026, 17:42","18 Jan 2026, 18:52","","Face Pull",,"",0,"normal",55,10,,0,
"Day D â€“ Overhead Press","18 Jan 2026, 17:42","18 Jan 2026, 18:52","","Face Pull",,"",1,"normal",55,10,,0,
"Day D â€“ Overhead Press","18 Jan 2026, 17:42","18 Jan 2026, 18:52","","Face Pull",,"",2,"normal",55,10,,0,
"Day D â€“ Overhead Press","18 Jan 2026, 17:42","18 Jan 2026, 18:52","","Overhead Press (Barbell)",,"",0,"normal",35,3,,0,
"Day D â€“ Overhead Press","18 Jan 2026, 17:42","18 Jan 2026, 18:52","","Overhead Press (Barbell)",,"",1,"normal",35,3,,0,
"Day D â€“ Overhead Press","18 Jan 2026, 17:42","18 Jan 2026, 18:52","","Overhead Press (Barbell)",,"",2,"normal",35,3,,0,
"Day D â€“ Overhead Press","18 Jan 2026, 17:42","18 Jan 2026, 18:52","","Overhead Press (Barbell)",,"",3,"normal",35,3,,0,
"Day D â€“ Overhead Press","18 Jan 2026, 17:42","18 Jan 2026, 18:52","","Overhead Press (Barbell)",,"",4,"normal",35,3,,0,
"Day D â€“ Overhead Press","18 Jan 2026, 17:42","18 Jan 2026, 18:52","","Bench Press (Barbell)",,"",0,"normal",35,10,,0,
"Day D â€“ Overhead Press","18 Jan 2026, 17:42","18 Jan 2026, 18:52","","Bench Press (Barbell)",,"",1,"normal",35,10,,0,
"Day D â€“ Overhead Press","18 Jan 2026, 17:42","18 Jan 2026, 18:52","","Lat Pulldown (Cable)",,"",0,"normal",35,15,,0,
"Day D â€“ Overhead Press","18 Jan 2026, 17:42","18 Jan 2026, 18:52","","Lat Pulldown (Cable)",,"",1,"normal",35,15,,0,
"Day D â€“ Overhead Press","18 Jan 2026, 17:42","18 Jan 2026, 18:52","","Lat Pulldown (Cable)",,"",2,"normal",35,15,,0,
"Day D â€“ Overhead Press","18 Jan 2026, 17:42","18 Jan 2026, 18:52","","Overhead Triceps Extension (Cable)",0,"",0,"normal",10,15,,0,
"Day D â€“ Overhead Press","18 Jan 2026, 17:42","18 Jan 2026, 18:52","","Overhead Triceps Extension (Cable)",0,"",1,"normal",10,15,,0,
"Day D â€“ Overhead Press","18 Jan 2026, 17:42","18 Jan 2026, 18:52","","Overhead Triceps Extension (Cable)",0,"",2,"normal",10,15,,0,
"Day D â€“ Overhead Press","18 Jan 2026, 17:42","18 Jan 2026, 18:52","","Bicep Curl (Cable)",0,"",0,"normal",15,15,,0,
"Day D â€“ Overhead Press","18 Jan 2026, 17:42","18 Jan 2026, 18:52","","Bicep Curl (Cable)",0,"",1,"normal",15,15,,0,
"Day D â€“ Overhead Press","18 Jan 2026, 17:42","18 Jan 2026, 18:52","","Bicep Curl (Cable)",0,"",2,"normal",15,20,,0,
"Day C â€“ Bench press","17 Jan 2026, 12:21","17 Jan 2026, 13:29","","Face Pull",,"",0,"normal",55,10,,,
"Day C â€“ Bench press","17 Jan 2026, 12:21","17 Jan 2026, 13:29","","Face Pull",,"",1,"normal",55,10,,,
"Day C â€“ Bench press","17 Jan 2026, 12:21","17 Jan 2026, 13:29","","Face Pull",,"",2,"normal",55,10,,,
"Day C â€“ Bench press","17 Jan 2026, 12:21","17 Jan 2026, 13:29","","Bench Press (Barbell)",,"",0,"normal",42.5,3,,,
"Day C â€“ Bench press","17 Jan 2026, 12:21","17 Jan 2026, 13:29","","Bench Press (Barbell)",,"",1,"normal",42.5,3,,,
"Day C â€“ Bench press","17 Jan 2026, 12:21","17 Jan 2026, 13:29","","Bench Press (Barbell)",,"",2,"normal",42.5,3,,,
"Day C â€“ Bench press","17 Jan 2026, 12:21","17 Jan 2026, 13:29","","Bench Press (Barbell)",,"",3,"normal",42.5,3,,,
"Day C â€“ Bench press","17 Jan 2026, 12:21","17 Jan 2026, 13:29","","Bench Press (Barbell)",,"",4,"normal",42.5,7,,,
"Day C â€“ Bench press","17 Jan 2026, 12:21","17 Jan 2026, 13:29","","Squat (Barbell)",,"",0,"normal",47.5,10,,,
"Day C â€“ Bench press","17 Jan 2026, 12:21","17 Jan 2026, 13:29","","Squat (Barbell)",,"",1,"normal",47.5,10,,,
"Day C â€“ Bench press","17 Jan 2026, 12:21","17 Jan 2026, 13:29","","Squat (Barbell)",,"",2,"normal",47.5,10,,,
"Day C â€“ Bench press","17 Jan 2026, 12:21","17 Jan 2026, 13:29","","Dumbbell Row",,"",0,"normal",22.5,12,,,
"Day C â€“ Bench press","17 Jan 2026, 12:21","17 Jan 2026, 13:29","","Dumbbell Row",,"",1,"normal",22.5,12,,,
"Day C â€“ Bench press","17 Jan 2026, 12:21","17 Jan 2026, 13:29","","Dumbbell Row",,"",2,"normal",22.5,12,,,
"Day C â€“ Bench press","17 Jan 2026, 12:21","17 Jan 2026, 13:29","","Lateral Raise (Dumbbell)",,"",0,"normal",4,15,,,
"Day C â€“ Bench press","17 Jan 2026, 12:21","17 Jan 2026, 13:29","","Lateral Raise (Dumbbell)",,"",1,"normal",4,15,,,
"Day C â€“ Bench press","17 Jan 2026, 12:21","17 Jan 2026, 13:29","","Lateral Raise (Dumbbell)",,"",2,"normal",4,15,,,
"Day B â€“ Overhead press","13 Jan 2026, 16:46","13 Jan 2026, 17:54","","Face Pull",,"",0,"normal",55,10,,,
"Day B â€“ Overhead press","13 Jan 2026, 16:46","13 Jan 2026, 17:54","","Face Pull",,"",1,"normal",55,10,,,
"Day B â€“ Overhead press","13 Jan 2026, 16:46","13 Jan 2026, 17:54","","Face Pull",,"",2,"normal",55,10,,,
"Day B â€“ Overhead press","13 Jan 2026, 16:46","13 Jan 2026, 17:54","","Overhead Press (Barbell)",,"",0,"normal",35,3,,,
"Day B â€“ Overhead press","13 Jan 2026, 16:46","13 Jan 2026, 17:54","","Overhead Press (Barbell)",,"",1,"normal",35,3,,,
"Day B â€“ Overhead press","13 Jan 2026, 16:46","13 Jan 2026, 17:54","","Overhead Press (Barbell)",,"",2,"normal",35,3,,,
"Day B â€“ Overhead press","13 Jan 2026, 16:46","13 Jan 2026, 17:54","","Overhead Press (Barbell)",,"",3,"normal",35,3,,,
"Day B â€“ Overhead press","13 Jan 2026, 16:46","13 Jan 2026, 17:54","","Overhead Press (Barbell)",,"",4,"normal",35,3,,,
"Day B â€“ Overhead press","13 Jan 2026, 16:46","13 Jan 2026, 17:54","","Deadlift (Barbell)",,"",0,"normal",65,10,,,
"Day B â€“ Overhead press","13 Jan 2026, 16:46","13 Jan 2026, 17:54","","Deadlift (Barbell)",,"",1,"normal",65.5,10,,,
"Day B â€“ Overhead press","13 Jan 2026, 16:46","13 Jan 2026, 17:54","","Deadlift (Barbell)",,"",2,"normal",65,10,,,
"Day B â€“ Overhead press","13 Jan 2026, 16:46","13 Jan 2026, 17:54","","Dumbbell Row",,"",0,"normal",22.5,10,,,
"Day B â€“ Overhead press","13 Jan 2026, 16:46","13 Jan 2026, 17:54","","Dumbbell Row",,"",1,"normal",22.5,10,,,
"Day B â€“ Overhead press","13 Jan 2026, 16:46","13 Jan 2026, 17:54","","Dumbbell Row",,"",2,"normal",22.5,10,,,
"Day B â€“ Overhead press","13 Jan 2026, 16:46","13 Jan 2026, 17:54","","Overhead Triceps Extension (Cable)",,"",0,"normal",20,15,,,
"Day B â€“ Overhead press","13 Jan 2026, 16:46","13 Jan 2026, 17:54","","Overhead Triceps Extension (Cable)",,"",1,"normal",15,12,,,
"Day B â€“ Overhead press","13 Jan 2026, 16:46","13 Jan 2026, 17:54","","Bicep Curl (Cable)",,"",0,"normal",20,15,,,
"Day B â€“ Overhead press","13 Jan 2026, 16:46","13 Jan 2026, 17:54","","Bicep Curl (Cable)",,"",1,"normal",15,15,,,
"Day A â€“ Squat","8 Jan 2026, 17:14","8 Jan 2026, 18:18","","Face Pull",,"",0,"normal",55,10,,0,
"Day A â€“ Squat","8 Jan 2026, 17:14","8 Jan 2026, 18:18","","Face Pull",,"",1,"normal",55,10,,0,
"Day A â€“ Squat","8 Jan 2026, 17:14","8 Jan 2026, 18:18","","Face Pull",,"",2,"normal",60,10,,0,
"Day A â€“ Squat","8 Jan 2026, 17:14","8 Jan 2026, 18:18","","Squat (Barbell)",,"",0,"normal",65,3,,0,
"Day A â€“ Squat","8 Jan 2026, 17:14","8 Jan 2026, 18:18","","Squat (Barbell)",,"",1,"normal",65,3,,0,
"Day A â€“ Squat","8 Jan 2026, 17:14","8 Jan 2026, 18:18","","Squat (Barbell)",,"",2,"normal",65,3,,0,
"Day A â€“ Squat","8 Jan 2026, 17:14","8 Jan 2026, 18:18","","Squat (Barbell)",,"",3,"normal",65,3,,0,
"Day A â€“ Squat","8 Jan 2026, 17:14","8 Jan 2026, 18:18","","Squat (Barbell)",,"",4,"normal",65,5,,0,
"Day A â€“ Squat","8 Jan 2026, 17:14","8 Jan 2026, 18:18","","Bench Press (Barbell)",,"",0,"normal",35,10,,0,
"Day A â€“ Squat","8 Jan 2026, 17:14","8 Jan 2026, 18:18","","Bench Press (Barbell)",,"",1,"normal",32.5,10,,0,
"Day A â€“ Squat","8 Jan 2026, 17:14","8 Jan 2026, 18:18","","Bench Press (Barbell)",,"",2,"normal",35,10,,0,
"Day A â€“ Squat","8 Jan 2026, 17:14","8 Jan 2026, 18:18","","Lat Pulldown (Cable)",,"",0,"normal",40,10,,0,
"Day A â€“ Squat","8 Jan 2026, 17:14","8 Jan 2026, 18:18","","Lat Pulldown (Cable)",,"",1,"normal",40,10,,0,
"Day A â€“ Squat","8 Jan 2026, 17:14","8 Jan 2026, 18:18","","Lat Pulldown (Cable)",,"",2,"normal",40,10,,0,
"Day D â€“ Deadlift","6 Jan 2026, 11:23","6 Jan 2026, 12:34","","Face Pull",,"",0,"normal",55,10,,0,
"Day D â€“ Deadlift","6 Jan 2026, 11:23","6 Jan 2026, 12:34","","Face Pull",,"",1,"normal",55,10,,0,
"Day D â€“ Deadlift","6 Jan 2026, 11:23","6 Jan 2026, 12:34","","Face Pull",,"",2,"normal",55,10,,0,
"Day D â€“ Deadlift","6 Jan 2026, 11:23","6 Jan 2026, 12:34","","Deadlift (Barbell)",,"",0,"normal",80,3,,0,
"Day D â€“ Deadlift","6 Jan 2026, 11:23","6 Jan 2026, 12:34","","Deadlift (Barbell)",,"",1,"normal",80,3,,0,
"Day D â€“ Deadlift","6 Jan 2026, 11:23","6 Jan 2026, 12:34","","Deadlift (Barbell)",,"",2,"normal",80,3,,0,
"Day D â€“ Deadlift","6 Jan 2026, 11:23","6 Jan 2026, 12:34","","Deadlift (Barbell)",,"",3,"normal",80,3,,0,
"Day D â€“ Deadlift","6 Jan 2026, 11:23","6 Jan 2026, 12:34","","Deadlift (Barbell)",,"",4,"normal",80,5,,0,
"Day D â€“ Deadlift","6 Jan 2026, 11:23","6 Jan 2026, 12:34","","Overhead Press (Barbell)",,"",0,"normal",25,10,,0,
"Day D â€“ Deadlift","6 Jan 2026, 11:23","6 Jan 2026, 12:34","","Overhead Press (Barbell)",,"",1,"normal",25,8,,0,
"Day D â€“ Deadlift","6 Jan 2026, 11:23","6 Jan 2026, 12:34","","Overhead Press (Barbell)",,"",2,"normal",25,8,,0,
"Day D â€“ Deadlift","6 Jan 2026, 11:23","6 Jan 2026, 12:34","","Dumbbell Row",,"",0,"normal",20,15,,0,
"Day D â€“ Deadlift","6 Jan 2026, 11:23","6 Jan 2026, 12:34","","Dumbbell Row",,"",1,"normal",20,15,,0,
"Day D â€“ Deadlift","6 Jan 2026, 11:23","6 Jan 2026, 12:34","","Dumbbell Row",,"",2,"normal",20,15,,0,
"Day C â€“ Bench press","2 Jan 2026, 17:40","2 Jan 2026, 18:42","","Face Pull",,"",0,"normal",55,10,,,
"Day C â€“ Bench press","2 Jan 2026, 17:40","2 Jan 2026, 18:42","","Face Pull",,"",1,"normal",55,10,,,
"Day C â€“ Bench press","2 Jan 2026, 17:40","2 Jan 2026, 18:42","","Face Pull",,"",2,"normal",55,10,,,
"Day C â€“ Bench press","2 Jan 2026, 17:40","2 Jan 2026, 18:42","","Bench Press (Barbell)",,"",0,"normal",40,3,,,
"Day C â€“ Bench press","2 Jan 2026, 17:40","2 Jan 2026, 18:42","","Bench Press (Barbell)",,"",1,"normal",40,3,,,
"Day C â€“ Bench press","2 Jan 2026, 17:40","2 Jan 2026, 18:42","","Bench Press (Barbell)",,"",2,"normal",40,3,,,
"Day C â€“ Bench press","2 Jan 2026, 17:40","2 Jan 2026, 18:42","","Bench Press (Barbell)",,"",3,"normal",40,3,,,
"Day C â€“ Bench press","2 Jan 2026, 17:40","2 Jan 2026, 18:42","","Bench Press (Barbell)",,"",4,"normal",40,5,,,
"Day C â€“ Bench press","2 Jan 2026, 17:40","2 Jan 2026, 18:42","","Squat (Barbell)",,"",0,"normal",45,10,,,
"Day C â€“ Bench press","2 Jan 2026, 17:40","2 Jan 2026, 18:42","","Squat (Barbell)",,"",1,"normal",45,10,,,
"Day C â€“ Bench press","2 Jan 2026, 17:40","2 Jan 2026, 18:42","","Squat (Barbell)",,"",2,"normal",45,10,,,
"Day C â€“ Bench press","2 Jan 2026, 17:40","2 Jan 2026, 18:42","","Lat Pulldown (Cable)",,"",0,"normal",35,10,,,
"Day C â€“ Bench press","2 Jan 2026, 17:40","2 Jan 2026, 18:42","","Lat Pulldown (Cable)",,"",1,"normal",35,10,,,
"Day C â€“ Bench press","2 Jan 2026, 17:40","2 Jan 2026, 18:42","","Lat Pulldown (Cable)",,"",2,"normal",35,10,,,
"Day B â€“ Overhead press","31 Dec 2025, 13:14","31 Dec 2025, 13:58","","Face Pull",,"",0,"normal",50,10,,,
"Day B â€“ Overhead press","31 Dec 2025, 13:14","31 Dec 2025, 13:58","","Face Pull",,"",1,"normal",50,10,,,
"Day B â€“ Overhead press","31 Dec 2025, 13:14","31 Dec 2025, 13:58","","Face Pull",,"",2,"normal",50,10,,,
"Day B â€“ Overhead press","31 Dec 2025, 13:14","31 Dec 2025, 13:58","","Overhead Press (Barbell)",,"",0,"normal",32.5,3,,,
"Day B â€“ Overhead press","31 Dec 2025, 13:14","31 Dec 2025, 13:58","","Overhead Press (Barbell)",,"",1,"normal",32.5,3,,,
"Day B â€“ Overhead press","31 Dec 2025, 13:14","31 Dec 2025, 13:58","","Overhead Press (Barbell)",,"",2,"normal",32.5,3,,,
"Day B â€“ Overhead press","31 Dec 2025, 13:14","31 Dec 2025, 13:58","","Overhead Press (Barbell)",,"",3,"normal",32.5,3,,,
"Day B â€“ Overhead press","31 Dec 2025, 13:14","31 Dec 2025, 13:58","","Overhead Press (Barbell)",,"",4,"normal",32.5,4,,,
"Day B â€“ Overhead press","31 Dec 2025, 13:14","31 Dec 2025, 13:58","","Deadlift (Barbell)",,"",0,"normal",60,10,,,
"Day B â€“ Overhead press","31 Dec 2025, 13:14","31 Dec 2025, 13:58","","Deadlift (Barbell)",,"",1,"normal",60,10,,,
"Day B â€“ Overhead press","31 Dec 2025, 13:14","31 Dec 2025, 13:58","","Deadlift (Barbell)",,"",2,"normal",60,10,,,
"Day B â€“ Overhead press","31 Dec 2025, 13:14","31 Dec 2025, 13:58","","Dumbbell Row",,"",0,"normal",20,10,,,
"Day B â€“ Overhead press","31 Dec 2025, 13:14","31 Dec 2025, 13:58","","Dumbbell Row",,"",1,"normal",20,10,,,
"Day B â€“ Overhead press","31 Dec 2025, 13:14","31 Dec 2025, 13:58","","Dumbbell Row",,"",2,"normal",20,10,,,
"Day A â€“ Squat","29 Dec 2025, 13:12","29 Dec 2025, 14:24","","Face Pull",,"",0,"normal",50,10,,0,
"Day A â€“ Squat","29 Dec 2025, 13:12","29 Dec 2025, 14:24","","Face Pull",,"",1,"normal",50,10,,0,
"Day A â€“ Squat","29 Dec 2025, 13:12","29 Dec 2025, 14:24","","Face Pull",,"",2,"normal",50,10,,0,
"Day A â€“ Squat","29 Dec 2025, 13:12","29 Dec 2025, 14:24","","Squat (Barbell)",,"",0,"normal",60,3,,0,
"Day A â€“ Squat","29 Dec 2025, 13:12","29 Dec 2025, 14:24","","Squat (Barbell)",,"",1,"normal",60,3,,0,
"Day A â€“ Squat","29 Dec 2025, 13:12","29 Dec 2025, 14:24","","Squat (Barbell)",,"",2,"normal",60,3,,0,
"Day A â€“ Squat","29 Dec 2025, 13:12","29 Dec 2025, 14:24","","Squat (Barbell)",,"",3,"normal",60,3,,0,
"Day A â€“ Squat","29 Dec 2025, 13:12","29 Dec 2025, 14:24","","Squat (Barbell)",,"",4,"normal",60,3,,0,
"Day A â€“ Squat","29 Dec 2025, 13:12","29 Dec 2025, 14:24","","Bench Press (Barbell)",,"",0,"normal",32.5,10,,0,
"Day A â€“ Squat","29 Dec 2025, 13:12","29 Dec 2025, 14:24","","Bench Press (Barbell)",,"",1,"normal",32.5,10,,0,
"Day A â€“ Squat","29 Dec 2025, 13:12","29 Dec 2025, 14:24","","Bench Press (Barbell)",,"",2,"normal",32.5,10,,0,
"Day A â€“ Squat","29 Dec 2025, 13:12","29 Dec 2025, 14:24","","Lat Pulldown (Cable)",,"",0,"normal",35,10,,0,
"Day A â€“ Squat","29 Dec 2025, 13:12","29 Dec 2025, 14:24","","Lat Pulldown (Cable)",,"",1,"normal",35,10,,0,
"Day A â€“ Squat","29 Dec 2025, 13:12","29 Dec 2025, 14:24","","Lat Pulldown (Cable)",,"",2,"normal",35,10,,0,
"Day A â€“ Squat","29 Dec 2025, 13:12","29 Dec 2025, 14:24","","Crunch (Machine)",,"",0,"normal",30,10,,0,
"Day A â€“ Squat","29 Dec 2025, 13:12","29 Dec 2025, 14:24","","Crunch (Machine)",,"",1,"normal",30,10,,0,
"Day A â€“ Squat","29 Dec 2025, 13:12","29 Dec 2025, 14:24","","Crunch (Machine)",,"",2,"normal",30,10,,0,
"Afternoon workout ðŸ’ª","26 Dec 2025, 16:47","26 Dec 2025, 17:39","","Face Pull",,"",0,"normal",40,10,,0,
"Afternoon workout ðŸ’ª","26 Dec 2025, 16:47","26 Dec 2025, 17:39","","Face Pull",,"",1,"normal",40,10,,0,
"Afternoon workout ðŸ’ª","26 Dec 2025, 16:47","26 Dec 2025, 17:39","","Face Pull",,"",2,"normal",40,10,,0,
"Afternoon workout ðŸ’ª","26 Dec 2025, 16:47","26 Dec 2025, 17:39","","Deadlift (Barbell)",,"",0,"normal",70,3,,0,
"Afternoon workout ðŸ’ª","26 Dec 2025, 16:47","26 Dec 2025, 17:39","","Deadlift (Barbell)",,"",1,"normal",70,3,,0,
"Afternoon workout ðŸ’ª","26 Dec 2025, 16:47","26 Dec 2025, 17:39","","Deadlift (Barbell)",,"",2,"normal",70,3,,0,
"Afternoon workout ðŸ’ª","26 Dec 2025, 16:47","26 Dec 2025, 17:39","","Bench Press (Barbell)",,"",0,"normal",30,10,,0,
"Afternoon workout ðŸ’ª","26 Dec 2025, 16:47","26 Dec 2025, 17:39","","Bench Press (Barbell)",,"",1,"normal",30,10,,0,
"Afternoon workout ðŸ’ª","26 Dec 2025, 16:47","26 Dec 2025, 17:39","","Bench Press (Barbell)",,"",2,"normal",30,10,,0,
"Afternoon workout ðŸ’ª","26 Dec 2025, 16:47","26 Dec 2025, 17:39","","Lat Pulldown (Cable)",,"",0,"normal",30,10,,0,
"Afternoon workout ðŸ’ª","26 Dec 2025, 16:47","26 Dec 2025, 17:39","","Lat Pulldown (Cable)",,"",1,"normal",30,10,,0,
"Afternoon workout ðŸ’ª","26 Dec 2025, 16:47","26 Dec 2025, 17:39","","Lat Pulldown (Cable)",,"",2,"normal",30,10,,0,
"Day B â€“ Overhead press","21 Nov 2025, 18:38","21 Nov 2025, 19:40","","Face Pull",,"",0,"normal",55,10,,0,
"Day B â€“ Overhead press","21 Nov 2025, 18:38","21 Nov 2025, 19:40","","Face Pull",,"",1,"normal",55,10,,0,
"Day B â€“ Overhead press","21 Nov 2025, 18:38","21 Nov 2025, 19:40","","Face Pull",,"",2,"normal",55,10,,0,
"Day B â€“ Overhead press","21 Nov 2025, 18:38","21 Nov 2025, 19:40","","Overhead Press (Barbell)",,"",0,"normal",35,3,,0,
"Day B â€“ Overhead press","21 Nov 2025, 18:38","21 Nov 2025, 19:40","","Overhead Press (Barbell)",,"",1,"normal",35,3,,0,
"Day B â€“ Overhead press","21 Nov 2025, 18:38","21 Nov 2025, 19:40","","Overhead Press (Barbell)",,"",2,"normal",35,3,,0,
"Day B â€“ Overhead press","21 Nov 2025, 18:38","21 Nov 2025, 19:40","","Overhead Press (Barbell)",,"",3,"normal",35,3,,0,
"Day B â€“ Overhead press","21 Nov 2025, 18:38","21 Nov 2025, 19:40","","Overhead Press (Barbell)",,"",4,"normal",35,4,,0,
"Day B â€“ Overhead press","21 Nov 2025, 18:38","21 Nov 2025, 19:40","","Deadlift (Barbell)",,"",0,"normal",65,10,,0,
"Day B â€“ Overhead press","21 Nov 2025, 18:38","21 Nov 2025, 19:40","","Deadlift (Barbell)",,"",1,"normal",65,10,,0,
"Day B â€“ Overhead press","21 Nov 2025, 18:38","21 Nov 2025, 19:40","","Deadlift (Barbell)",,"",2,"normal",65,10,,0,
"Day A â€“ Squat","11 Nov 2025, 17:48","11 Nov 2025, 18:35","Todella voimaton olo -> huomattavasti kevyempi treeni","Face Pull",,"",0,"normal",55,10,,0,
"Day A â€“ Squat","11 Nov 2025, 17:48","11 Nov 2025, 18:35","Todella voimaton olo -> huomattavasti kevyempi treeni","Face Pull",,"",1,"normal",55,10,,0,
"Day A â€“ Squat","11 Nov 2025, 17:48","11 Nov 2025, 18:35","Todella voimaton olo -> huomattavasti kevyempi treeni","Face Pull",,"",2,"normal",55,10,,0,
"Day A â€“ Squat","11 Nov 2025, 17:48","11 Nov 2025, 18:35","Todella voimaton olo -> huomattavasti kevyempi treeni","Squat (Barbell)",,"",0,"normal",60,5,,0,
"Day A â€“ Squat","11 Nov 2025, 17:48","11 Nov 2025, 18:35","Todella voimaton olo -> huomattavasti kevyempi treeni","Squat (Barbell)",,"",1,"normal",60,5,,0,
"Day A â€“ Squat","11 Nov 2025, 17:48","11 Nov 2025, 18:35","Todella voimaton olo -> huomattavasti kevyempi treeni","Squat (Barbell)",,"",2,"normal",60,5,,0,
"Day A â€“ Squat","11 Nov 2025, 17:48","11 Nov 2025, 18:35","Todella voimaton olo -> huomattavasti kevyempi treeni","Squat (Barbell)",,"",3,"normal",60,5,,0,
"Day A â€“ Squat","11 Nov 2025, 17:48","11 Nov 2025, 18:35","Todella voimaton olo -> huomattavasti kevyempi treeni","Squat (Barbell)",,"",4,"normal",60,5,,0,
"Day A â€“ Squat","11 Nov 2025, 17:48","11 Nov 2025, 18:35","Todella voimaton olo -> huomattavasti kevyempi treeni","Lat Pulldown (Cable)",,"",0,"normal",30,15,,0,
"Day A â€“ Squat","11 Nov 2025, 17:48","11 Nov 2025, 18:35","Todella voimaton olo -> huomattavasti kevyempi treeni","Lat Pulldown (Cable)",,"",1,"normal",30,15,,0,
"Day A â€“ Squat","11 Nov 2025, 17:48","11 Nov 2025, 18:35","Todella voimaton olo -> huomattavasti kevyempi treeni","Lat Pulldown (Cable)",,"",2,"normal",30,15,,0,
"Day D â€“ Deadlift","5 Nov 2025, 18:34","5 Nov 2025, 19:36","","Face Pull",,"",0,"normal",55,10,,0,
"Day D â€“ Deadlift","5 Nov 2025, 18:34","5 Nov 2025, 19:36","","Face Pull",,"",1,"normal",55,10,,0,
"Day D â€“ Deadlift","5 Nov 2025, 18:34","5 Nov 2025, 19:36","","Face Pull",,"",2,"normal",55,10,,0,
"Day D â€“ Deadlift","5 Nov 2025, 18:34","5 Nov 2025, 19:36","","Deadlift (Barbell)",,"",0,"normal",90,3,,0,
"Day D â€“ Deadlift","5 Nov 2025, 18:34","5 Nov 2025, 19:36","","Deadlift (Barbell)",,"",1,"normal",90,3,,0,
"Day D â€“ Deadlift","5 Nov 2025, 18:34","5 Nov 2025, 19:36","","Deadlift (Barbell)",,"",2,"normal",90,3,,0,
"Day D â€“ Deadlift","5 Nov 2025, 18:34","5 Nov 2025, 19:36","","Deadlift (Barbell)",,"",3,"normal",90,3,,0,
"Day D â€“ Deadlift","5 Nov 2025, 18:34","5 Nov 2025, 19:36","","Deadlift (Barbell)",,"",4,"normal",90,3,,0,
"Day D â€“ Deadlift","5 Nov 2025, 18:34","5 Nov 2025, 19:36","","Overhead Press (Barbell)",,"",0,"normal",27.5,10,,0,
"Day D â€“ Deadlift","5 Nov 2025, 18:34","5 Nov 2025, 19:36","","Overhead Press (Barbell)",,"",1,"normal",27.5,10,,0,
"Day D â€“ Deadlift","5 Nov 2025, 18:34","5 Nov 2025, 19:36","","Overhead Press (Barbell)",,"",2,"normal",27.5,10,,0,
"Day D â€“ Deadlift","5 Nov 2025, 18:34","5 Nov 2025, 19:36","","Dumbbell Row",,"",0,"normal",20,15,,0,
"Day D â€“ Deadlift","5 Nov 2025, 18:34","5 Nov 2025, 19:36","","Dumbbell Row",,"",1,"normal",20,15,,0,
"Day D â€“ Deadlift","5 Nov 2025, 18:34","5 Nov 2025, 19:36","","Dumbbell Row",,"",2,"normal",20,12,,0,
"Day C â€“ Bench press","4 Nov 2025, 18:11","4 Nov 2025, 19:09","","Face Pull",,"",0,"normal",55,10,,0,
"Day C â€“ Bench press","4 Nov 2025, 18:11","4 Nov 2025, 19:09","","Face Pull",,"",1,"normal",55,10,,0,
"Day C â€“ Bench press","4 Nov 2025, 18:11","4 Nov 2025, 19:09","","Face Pull",,"",2,"normal",55,10,,0,
"Day C â€“ Bench press","4 Nov 2025, 18:11","4 Nov 2025, 19:09","","Squat (Barbell)",,"",0,"normal",50,10,,0,
"Day C â€“ Bench press","4 Nov 2025, 18:11","4 Nov 2025, 19:09","","Squat (Barbell)",,"",1,"normal",50,10,,0,
"Day C â€“ Bench press","4 Nov 2025, 18:11","4 Nov 2025, 19:09","","Squat (Barbell)",,"",2,"normal",50,10,,0,
"Day C â€“ Bench press","4 Nov 2025, 18:11","4 Nov 2025, 19:09","","Lat Pulldown (Cable)",,"",0,"normal",45,15,,0,
"Day C â€“ Bench press","4 Nov 2025, 18:11","4 Nov 2025, 19:09","","Lat Pulldown (Cable)",,"",1,"normal",45,15,,0,
"Day C â€“ Bench press","4 Nov 2025, 18:11","4 Nov 2025, 19:09","","Lat Pulldown (Cable)",,"",2,"normal",45,12,,0,
"Day C â€“ Bench press","4 Nov 2025, 18:11","4 Nov 2025, 19:09","","Crunch (Machine)",,"",0,"normal",25,10,,0,
"Day C â€“ Bench press","4 Nov 2025, 18:11","4 Nov 2025, 19:09","","Crunch (Machine)",,"",1,"normal",25,10,,0,
"Day C â€“ Bench press","4 Nov 2025, 18:11","4 Nov 2025, 19:09","","Crunch (Machine)",,"",2,"normal",30,10,,0,
"Day B â€“ Overhead press","29 Oct 2025, 18:05","29 Oct 2025, 19:04","","Face Pull",,"",0,"normal",55,10,,0,
"Day B â€“ Overhead press","29 Oct 2025, 18:05","29 Oct 2025, 19:04","","Face Pull",,"",1,"normal",55,10,,0,
"Day B â€“ Overhead press","29 Oct 2025, 18:05","29 Oct 2025, 19:04","","Face Pull",,"",2,"normal",55,10,,0,
"Day B â€“ Overhead press","29 Oct 2025, 18:05","29 Oct 2025, 19:04","","Overhead Press (Barbell)",,"",0,"normal",40,1,,0,
"Day B â€“ Overhead press","29 Oct 2025, 18:05","29 Oct 2025, 19:04","","Overhead Press (Barbell)",,"",1,"normal",40,1,,0,
"Day B â€“ Overhead press","29 Oct 2025, 18:05","29 Oct 2025, 19:04","","Overhead Press (Barbell)",,"",2,"normal",40,1,,0,
"Day B â€“ Overhead press","29 Oct 2025, 18:05","29 Oct 2025, 19:04","","Overhead Press (Barbell)",,"",3,"normal",40,1,,0,
"Day B â€“ Overhead press","29 Oct 2025, 18:05","29 Oct 2025, 19:04","","Overhead Press (Barbell)",,"",4,"normal",40,1,,0,
"Day B â€“ Overhead press","29 Oct 2025, 18:05","29 Oct 2025, 19:04","","Overhead Press (Barbell)",,"",5,"normal",40,1,,0,
"Day B â€“ Overhead press","29 Oct 2025, 18:05","29 Oct 2025, 19:04","","Deadlift (Barbell)",,"",0,"normal",67.5,10,,0,
"Day B â€“ Overhead press","29 Oct 2025, 18:05","29 Oct 2025, 19:04","","Deadlift (Barbell)",,"",1,"normal",67.5,10,,0,
"Day B â€“ Overhead press","29 Oct 2025, 18:05","29 Oct 2025, 19:04","","Deadlift (Barbell)",,"",2,"normal",66,10,,0,
"Day B â€“ Overhead press","29 Oct 2025, 18:05","29 Oct 2025, 19:04","","Dumbbell Row",,"",0,"normal",20,12,,0,
"Day B â€“ Overhead press","29 Oct 2025, 18:05","29 Oct 2025, 19:04","","Dumbbell Row",,"",1,"normal",20,12,,0,
"Day B â€“ Overhead press","29 Oct 2025, 18:05","29 Oct 2025, 19:04","","Dumbbell Row",,"",2,"normal",20,12,,0,
"Day A â€“ Squat","28 Oct 2025, 18:54","28 Oct 2025, 19:52","","Face Pull",,"",0,"normal",55,10,,0,
"Day A â€“ Squat","28 Oct 2025, 18:54","28 Oct 2025, 19:52","","Face Pull",,"",1,"normal",55,10,,0,
"Day A â€“ Squat","28 Oct 2025, 18:54","28 Oct 2025, 19:52","","Face Pull",,"",2,"normal",55,10,,0,
"Day A â€“ Squat","28 Oct 2025, 18:54","28 Oct 2025, 19:52","","Squat (Barbell)",,"",0,"normal",75,3,,0,
"Day A â€“ Squat","28 Oct 2025, 18:54","28 Oct 2025, 19:52","","Squat (Barbell)",,"",1,"normal",75,3,,0,
"Day A â€“ Squat","28 Oct 2025, 18:54","28 Oct 2025, 19:52","","Squat (Barbell)",,"",2,"normal",75,3,,0,
"Day A â€“ Squat","28 Oct 2025, 18:54","28 Oct 2025, 19:52","","Squat (Barbell)",,"",3,"normal",75,3,,0,
"Day A â€“ Squat","28 Oct 2025, 18:54","28 Oct 2025, 19:52","","Squat (Barbell)",,"",4,"normal",75,3,,0,
"Day A â€“ Squat","28 Oct 2025, 18:54","28 Oct 2025, 19:52","","Bench Press (Barbell)",,"",0,"normal",37.5,10,,0,
"Day A â€“ Squat","28 Oct 2025, 18:54","28 Oct 2025, 19:52","","Bench Press (Barbell)",,"",1,"normal",37.5,10,,0,
"Day A â€“ Squat","28 Oct 2025, 18:54","28 Oct 2025, 19:52","","Bench Press (Barbell)",,"",2,"normal",37.5,10,,0,
"Day A â€“ Squat","28 Oct 2025, 18:54","28 Oct 2025, 19:52","","Lat Pulldown (Cable)",,"",0,"normal",40,15,,0,
"Day A â€“ Squat","28 Oct 2025, 18:54","28 Oct 2025, 19:52","","Lat Pulldown (Cable)",,"",1,"normal",40,15,,0,
"Day A â€“ Squat","28 Oct 2025, 18:54","28 Oct 2025, 19:52","","Lat Pulldown (Cable)",,"",2,"normal",40,15,,0,
"Day D â€“ Deadlift","21 Oct 2025, 17:31","21 Oct 2025, 18:41","","Face Pull",,"",0,"normal",55,10,,0,
"Day D â€“ Deadlift","21 Oct 2025, 17:31","21 Oct 2025, 18:41","","Face Pull",,"",1,"normal",55,10,,0,
"Day D â€“ Deadlift","21 Oct 2025, 17:31","21 Oct 2025, 18:41","","Face Pull",,"",2,"normal",55,10,,0,
"Day D â€“ Deadlift","21 Oct 2025, 17:31","21 Oct 2025, 18:41","","Deadlift (Barbell)",,"",0,"normal",85,3,,0,
"Day D â€“ Deadlift","21 Oct 2025, 17:31","21 Oct 2025, 18:41","","Deadlift (Barbell)",,"",1,"normal",85,3,,0,
"Day D â€“ Deadlift","21 Oct 2025, 17:31","21 Oct 2025, 18:41","","Deadlift (Barbell)",,"",2,"normal",85,3,,0,
"Day D â€“ Deadlift","21 Oct 2025, 17:31","21 Oct 2025, 18:41","","Deadlift (Barbell)",,"",3,"normal",85,3,,0,
"Day D â€“ Deadlift","21 Oct 2025, 17:31","21 Oct 2025, 18:41","","Deadlift (Barbell)",,"",4,"normal",85,5,,0,
"Day D â€“ Deadlift","21 Oct 2025, 17:31","21 Oct 2025, 18:41","","Overhead Press (Barbell)",,"",0,"normal",26,10,,0,
"Day D â€“ Deadlift","21 Oct 2025, 17:31","21 Oct 2025, 18:41","","Overhead Press (Barbell)",,"",1,"normal",26,10,,0,
"Day D â€“ Deadlift","21 Oct 2025, 17:31","21 Oct 2025, 18:41","","Overhead Press (Barbell)",,"",2,"normal",26,10,,0,
"Day D â€“ Deadlift","21 Oct 2025, 17:31","21 Oct 2025, 18:41","","Dumbbell Row",,"",0,"normal",20,15,,0,
"Day D â€“ Deadlift","21 Oct 2025, 17:31","21 Oct 2025, 18:41","","Dumbbell Row",,"",1,"normal",20,12,,0,
"Day D â€“ Deadlift","21 Oct 2025, 17:31","21 Oct 2025, 18:41","","Dumbbell Row",,"",2,"normal",20,10,,0,
"Day C â€“ Bench press","19 Oct 2025, 11:40","19 Oct 2025, 12:49","","Face Pull",,"",0,"normal",50,10,,0,
"Day C â€“ Bench press","19 Oct 2025, 11:40","19 Oct 2025, 12:49","","Face Pull",,"",1,"normal",50,10,,0,
"Day C â€“ Bench press","19 Oct 2025, 11:40","19 Oct 2025, 12:49","","Face Pull",,"",2,"normal",50,10,,0,
"Day C â€“ Bench press","19 Oct 2025, 11:40","19 Oct 2025, 12:49","","Bench Press (Barbell)",,"",0,"normal",50,3,,0,
"Day C â€“ Bench press","19 Oct 2025, 11:40","19 Oct 2025, 12:49","","Bench Press (Barbell)",,"",1,"normal",50,2,,0,
"Day C â€“ Bench press","19 Oct 2025, 11:40","19 Oct 2025, 12:49","","Bench Press (Barbell)",,"",2,"normal",50,2,,0,
"Day C â€“ Bench press","19 Oct 2025, 11:40","19 Oct 2025, 12:49","","Bench Press (Barbell)",,"",3,"normal",50,2,,0,
"Day C â€“ Bench press","19 Oct 2025, 11:40","19 Oct 2025, 12:49","","Bench Press (Barbell)",,"",4,"normal",50,2,,0,
"Day C â€“ Bench press","19 Oct 2025, 11:40","19 Oct 2025, 12:49","","Squat (Barbell)",,"",0,"normal",45,10,,0,
"Day C â€“ Bench press","19 Oct 2025, 11:40","19 Oct 2025, 12:49","","Squat (Barbell)",,"",1,"normal",45,10,,0,
"Day C â€“ Bench press","19 Oct 2025, 11:40","19 Oct 2025, 12:49","","Squat (Barbell)",,"",2,"normal",45,10,,0,
"Day C â€“ Bench press","19 Oct 2025, 11:40","19 Oct 2025, 12:49","","Lat Pulldown (Cable)",,"",0,"normal",35,15,,0,
"Day C â€“ Bench press","19 Oct 2025, 11:40","19 Oct 2025, 12:49","","Lat Pulldown (Cable)",,"",1,"normal",35,15,,0,
"Day C â€“ Bench press","19 Oct 2025, 11:40","19 Oct 2025, 12:49","","Lat Pulldown (Cable)",,"",2,"normal",35,25,,0,
"Day B â€“ Overhead press","17 Oct 2025, 18:12","17 Oct 2025, 19:25","","Face Pull",,"",0,"normal",45,10,,0,
"Day B â€“ Overhead press","17 Oct 2025, 18:12","17 Oct 2025, 19:25","","Face Pull",,"",1,"normal",45,10,,0,
"Day B â€“ Overhead press","17 Oct 2025, 18:12","17 Oct 2025, 19:25","","Face Pull",,"",2,"normal",45,10,,0,
"Day B â€“ Overhead press","17 Oct 2025, 18:12","17 Oct 2025, 19:25","","Overhead Press (Barbell)",,"",0,"normal",37.5,3,,0,
"Day B â€“ Overhead press","17 Oct 2025, 18:12","17 Oct 2025, 19:25","","Overhead Press (Barbell)",,"",1,"normal",37.5,2,,0,
"Day B â€“ Overhead press","17 Oct 2025, 18:12","17 Oct 2025, 19:25","","Overhead Press (Barbell)",,"",2,"normal",37.5,2,,0,
"Day B â€“ Overhead press","17 Oct 2025, 18:12","17 Oct 2025, 19:25","","Overhead Press (Barbell)",,"",3,"normal",37.5,2,,0,
"Day B â€“ Overhead press","17 Oct 2025, 18:12","17 Oct 2025, 19:25","","Overhead Press (Barbell)",,"",4,"normal",37.5,3,,0,
"Day B â€“ Overhead press","17 Oct 2025, 18:12","17 Oct 2025, 19:25","","Deadlift (Barbell)",,"",0,"normal",65,10,,0,
"Day B â€“ Overhead press","17 Oct 2025, 18:12","17 Oct 2025, 19:25","","Deadlift (Barbell)",,"",1,"normal",65,10,,0,
"Day B â€“ Overhead press","17 Oct 2025, 18:12","17 Oct 2025, 19:25","","Deadlift (Barbell)",,"",2,"normal",65,10,,0,
"Day B â€“ Overhead press","17 Oct 2025, 18:12","17 Oct 2025, 19:25","","Dumbbell Row",,"",0,"normal",17.5,15,,0,
"Day B â€“ Overhead press","17 Oct 2025, 18:12","17 Oct 2025, 19:25","","Dumbbell Row",,"",1,"normal",17.5,15,,0,
"Day B â€“ Overhead press","17 Oct 2025, 18:12","17 Oct 2025, 19:25","","Dumbbell Row",,"",2,"normal",17.5,25,,0,
"Day A â€“ Squat","14 Oct 2025, 17:45","14 Oct 2025, 19:03","","Face Pull",,"",0,"normal",45,15,,0,
"Day A â€“ Squat","14 Oct 2025, 17:45","14 Oct 2025, 19:03","","Face Pull",,"",1,"normal",45,15,,0,
"Day A â€“ Squat","14 Oct 2025, 17:45","14 Oct 2025, 19:03","","Face Pull",,"",2,"normal",45,15,,0,
"Day A â€“ Squat","14 Oct 2025, 17:45","14 Oct 2025, 19:03","","Squat (Barbell)",,"",0,"normal",70,3,,0,
"Day A â€“ Squat","14 Oct 2025, 17:45","14 Oct 2025, 19:03","","Squat (Barbell)",,"",1,"normal",70,3,,0,
"Day A â€“ Squat","14 Oct 2025, 17:45","14 Oct 2025, 19:03","","Squat (Barbell)",,"",2,"normal",70,3,,0,
"Day A â€“ Squat","14 Oct 2025, 17:45","14 Oct 2025, 19:03","","Squat (Barbell)",,"",3,"normal",70,3,,0,
"Day A â€“ Squat","14 Oct 2025, 17:45","14 Oct 2025, 19:03","","Squat (Barbell)",,"",4,"normal",70,5,,0,
"Day A â€“ Squat","14 Oct 2025, 17:45","14 Oct 2025, 19:03","","Bench Press (Barbell)",,"",0,"normal",36.5,10,,0,
"Day A â€“ Squat","14 Oct 2025, 17:45","14 Oct 2025, 19:03","","Bench Press (Barbell)",,"",1,"normal",36.5,10,,0,
"Day A â€“ Squat","14 Oct 2025, 17:45","14 Oct 2025, 19:03","","Bench Press (Barbell)",,"",2,"normal",36.5,10,,0,
"Day A â€“ Squat","14 Oct 2025, 17:45","14 Oct 2025, 19:03","","Pull Up (Assisted)",,"",0,"normal",35,15,,0,
"Day A â€“ Squat","14 Oct 2025, 17:45","14 Oct 2025, 19:03","","Pull Up (Assisted)",,"",1,"normal",35,15,,0,
"Day A â€“ Squat","14 Oct 2025, 17:45","14 Oct 2025, 19:03","","Pull Up (Assisted)",,"",2,"normal",35,15,,0,
"Day D â€“ Deadlift","7 Oct 2025, 17:56","7 Oct 2025, 18:51","","Face Pull",,"",0,"normal",40,15,,0,
"Day D â€“ Deadlift","7 Oct 2025, 17:56","7 Oct 2025, 18:51","","Face Pull",,"",1,"normal",40,15,,0,
"Day D â€“ Deadlift","7 Oct 2025, 17:56","7 Oct 2025, 18:51","","Face Pull",,"",2,"normal",40,15,,0,
"Day D â€“ Deadlift","7 Oct 2025, 17:56","7 Oct 2025, 18:51","","Deadlift (Barbell)",,"",0,"normal",80,3,,0,
"Day D â€“ Deadlift","7 Oct 2025, 17:56","7 Oct 2025, 18:51","","Deadlift (Barbell)",,"",1,"normal",80,3,,0,
"Day D â€“ Deadlift","7 Oct 2025, 17:56","7 Oct 2025, 18:51","","Deadlift (Barbell)",,"",2,"normal",80,3,,0,
"Day D â€“ Deadlift","7 Oct 2025, 17:56","7 Oct 2025, 18:51","","Deadlift (Barbell)",,"",3,"normal",80,3,,0,
"Day D â€“ Deadlift","7 Oct 2025, 17:56","7 Oct 2025, 18:51","","Deadlift (Barbell)",,"",4,"normal",80,5,,0,
"Day D â€“ Deadlift","7 Oct 2025, 17:56","7 Oct 2025, 18:51","","Overhead Press (Barbell)",,"",0,"normal",25,10,,0,
"Day D â€“ Deadlift","7 Oct 2025, 17:56","7 Oct 2025, 18:51","","Overhead Press (Barbell)",,"",1,"normal",25,10,,0,
"Day D â€“ Deadlift","7 Oct 2025, 17:56","7 Oct 2025, 18:51","","Overhead Press (Barbell)",,"",2,"normal",25,10,,0,
"Day C â€“ Bench press","5 Oct 2025, 15:04","5 Oct 2025, 16:24","","Face Pull",,"",0,"normal",35,15,,,
"Day C â€“ Bench press","5 Oct 2025, 15:04","5 Oct 2025, 16:24","","Face Pull",,"",1,"normal",35,15,,,
"Day C â€“ Bench press","5 Oct 2025, 15:04","5 Oct 2025, 16:24","","Face Pull",,"",2,"normal",35,15,,,
"Day C â€“ Bench press","5 Oct 2025, 15:04","5 Oct 2025, 16:24","","Bench Press (Barbell)",,"",0,"normal",50,3,,,
"Day C â€“ Bench press","5 Oct 2025, 15:04","5 Oct 2025, 16:24","","Bench Press (Barbell)",,"",1,"normal",50,3,,,
"Day C â€“ Bench press","5 Oct 2025, 15:04","5 Oct 2025, 16:24","","Bench Press (Barbell)",,"",2,"normal",50,2,,,
"Day C â€“ Bench press","5 Oct 2025, 15:04","5 Oct 2025, 16:24","","Bench Press (Barbell)",,"",3,"normal",50,2,,,
"Day C â€“ Bench press","5 Oct 2025, 15:04","5 Oct 2025, 16:24","","Bench Press (Barbell)",,"",4,"normal",50,2,,,
"Day C â€“ Bench press","5 Oct 2025, 15:04","5 Oct 2025, 16:24","","Pull Up (Assisted)",,"",0,"normal",35,15,,,
"Day C â€“ Bench press","5 Oct 2025, 15:04","5 Oct 2025, 16:24","","Pull Up (Assisted)",,"",1,"normal",35,15,,,
"Day C â€“ Bench press","5 Oct 2025, 15:04","5 Oct 2025, 16:24","","Pull Up (Assisted)",,"",2,"normal",35,18,,,
"Day B â€“ Overhead press","2 Oct 2025, 18:53","2 Oct 2025, 19:59","","Face Pull",,"",0,"normal",30,15,,0,
"Day B â€“ Overhead press","2 Oct 2025, 18:53","2 Oct 2025, 19:59","","Face Pull",,"",1,"normal",30,15,,0,
"Day B â€“ Overhead press","2 Oct 2025, 18:53","2 Oct 2025, 19:59","","Face Pull",,"",2,"normal",30,15,,0,
"Day B â€“ Overhead press","2 Oct 2025, 18:53","2 Oct 2025, 19:59","","Overhead Press (Barbell)",,"",0,"normal",37.5,3,,0,
"Day B â€“ Overhead press","2 Oct 2025, 18:53","2 Oct 2025, 19:59","","Overhead Press (Barbell)",,"",1,"normal",37.5,3,,0,
"Day B â€“ Overhead press","2 Oct 2025, 18:53","2 Oct 2025, 19:59","","Overhead Press (Barbell)",,"",2,"normal",37.5,1,,0,
"Day B â€“ Overhead press","2 Oct 2025, 18:53","2 Oct 2025, 19:59","","Overhead Press (Barbell)",,"",3,"normal",37.5,2,,0,
"Day B â€“ Overhead press","2 Oct 2025, 18:53","2 Oct 2025, 19:59","","Overhead Press (Barbell)",,"",4,"normal",37.5,3,,0,
"Day B â€“ Overhead press","2 Oct 2025, 18:53","2 Oct 2025, 19:59","","Deadlift (Barbell)",,"",0,"normal",60,10,,0,
"Day B â€“ Overhead press","2 Oct 2025, 18:53","2 Oct 2025, 19:59","","Deadlift (Barbell)",,"",1,"normal",60,10,,0,
"Day B â€“ Overhead press","2 Oct 2025, 18:53","2 Oct 2025, 19:59","","Deadlift (Barbell)",,"",2,"normal",60,10,,0,
"Day B â€“ Overhead press","2 Oct 2025, 18:53","2 Oct 2025, 19:59","","Dumbbell Row",,"",0,"normal",17.5,15,,0,
"Day B â€“ Overhead press","2 Oct 2025, 18:53","2 Oct 2025, 19:59","","Dumbbell Row",,"",1,"normal",17.5,15,,0,
"Day B â€“ Overhead press","2 Oct 2025, 18:53","2 Oct 2025, 19:59","","Dumbbell Row",,"",2,"normal",17.5,18,,0,
"Day A â€“ Squat","29 Sep 2025, 18:23","29 Sep 2025, 19:34","","Face Pull",,"",0,"normal",25,15,,0,
"Day A â€“ Squat","29 Sep 2025, 18:23","29 Sep 2025, 19:34","","Face Pull",,"",1,"normal",25,15,,0,
"Day A â€“ Squat","29 Sep 2025, 18:23","29 Sep 2025, 19:34","","Face Pull",,"",2,"normal",25,15,,0,
"Day A â€“ Squat","29 Sep 2025, 18:23","29 Sep 2025, 19:34","","Squat (Barbell)",,"",0,"normal",65,3,,0,
"Day A â€“ Squat","29 Sep 2025, 18:23","29 Sep 2025, 19:34","","Squat (Barbell)",,"",1,"normal",65,3,,0,
"Day A â€“ Squat","29 Sep 2025, 18:23","29 Sep 2025, 19:34","","Squat (Barbell)",,"",2,"normal",65,3,,0,
"Day A â€“ Squat","29 Sep 2025, 18:23","29 Sep 2025, 19:34","","Squat (Barbell)",,"",3,"normal",65,3,,0,
"Day A â€“ Squat","29 Sep 2025, 18:23","29 Sep 2025, 19:34","","Squat (Barbell)",,"",4,"normal",65,5,,0,
"Day A â€“ Squat","29 Sep 2025, 18:23","29 Sep 2025, 19:34","","Bench Press (Barbell)",,"",0,"normal",35,10,,0,
"Day A â€“ Squat","29 Sep 2025, 18:23","29 Sep 2025, 19:34","","Bench Press (Barbell)",,"",1,"normal",35,10,,0,
"Day A â€“ Squat","29 Sep 2025, 18:23","29 Sep 2025, 19:34","","Bench Press (Barbell)",,"",2,"normal",35,10,,0,
"Day A â€“ Squat","29 Sep 2025, 18:23","29 Sep 2025, 19:34","","Pull Up (Assisted)",,"",0,"normal",35,15,,0,
"Day A â€“ Squat","29 Sep 2025, 18:23","29 Sep 2025, 19:34","","Pull Up (Assisted)",,"",1,"normal",35,15,,0,
"Day A â€“ Squat","29 Sep 2025, 18:23","29 Sep 2025, 19:34","","Pull Up (Assisted)",,"",2,"normal",35,15,,0,
"Day D â€“ Deadlift","17 Sep 2025, 18:07","17 Sep 2025, 18:41","","Face Pull",,"",0,"normal",20,15,,,
"Day D â€“ Deadlift","17 Sep 2025, 18:07","17 Sep 2025, 18:41","","Face Pull",,"",1,"normal",20,15,,,
"Day D â€“ Deadlift","17 Sep 2025, 18:07","17 Sep 2025, 18:41","","Face Pull",,"",2,"normal",20,15,,,
"Day D â€“ Deadlift","17 Sep 2025, 18:07","17 Sep 2025, 18:41","","Overhead Press (Barbell)",,"",0,"normal",24,10,,,
"Day D â€“ Deadlift","17 Sep 2025, 18:07","17 Sep 2025, 18:41","","Overhead Press (Barbell)",,"",1,"normal",24,10,,,
"Day D â€“ Deadlift","17 Sep 2025, 18:07","17 Sep 2025, 18:41","","Overhead Press (Barbell)",,"",2,"normal",24,10,,,
"Day D â€“ Deadlift","17 Sep 2025, 18:07","17 Sep 2025, 18:41","","Dumbbell Row",,"",0,"normal",17.5,15,,,
"Day D â€“ Deadlift","17 Sep 2025, 18:07","17 Sep 2025, 18:41","","Dumbbell Row",,"",1,"normal",17.5,15,,,
"Day D â€“ Deadlift","17 Sep 2025, 18:07","17 Sep 2025, 18:41","","Dumbbell Row",,"",2,"normal",17.5,15,,,
"Day C â€“ Bench press","15 Sep 2025, 19:27","15 Sep 2025, 20:20","","Face Pull",,"",0,"normal",15,15,,0,
"Day C â€“ Bench press","15 Sep 2025, 19:27","15 Sep 2025, 20:20","","Face Pull",,"",1,"normal",15,15,,0,
"Day C â€“ Bench press","15 Sep 2025, 19:27","15 Sep 2025, 20:20","","Face Pull",,"",2,"normal",15,15,,0,
"Day C â€“ Bench press","15 Sep 2025, 19:27","15 Sep 2025, 20:20","","Bench Press (Barbell)",,"",0,"normal",47.5,3,,0,
"Day C â€“ Bench press","15 Sep 2025, 19:27","15 Sep 2025, 20:20","","Bench Press (Barbell)",,"",1,"normal",47.5,3,,0,
"Day C â€“ Bench press","15 Sep 2025, 19:27","15 Sep 2025, 20:20","","Bench Press (Barbell)",,"",2,"normal",47.5,3,,0,
"Day C â€“ Bench press","15 Sep 2025, 19:27","15 Sep 2025, 20:20","","Bench Press (Barbell)",,"",3,"normal",47.5,3,,0,
"Day C â€“ Bench press","15 Sep 2025, 19:27","15 Sep 2025, 20:20","","Bench Press (Barbell)",,"",4,"normal",47.5,4,,0,
"Day C â€“ Bench press","15 Sep 2025, 19:27","15 Sep 2025, 20:20","","Pull Up (Assisted)",,"",0,"normal",35,15,,0,
"Day C â€“ Bench press","15 Sep 2025, 19:27","15 Sep 2025, 20:20","","Pull Up (Assisted)",,"",1,"normal",35,15,,0,
"Day C â€“ Bench press","15 Sep 2025, 19:27","15 Sep 2025, 20:20","","Pull Up (Assisted)",,"",2,"normal",35,18,,0,
"Day C â€“ Bench press","15 Sep 2025, 19:27","15 Sep 2025, 20:20","","Dead Bug",,"",0,"normal",,10,,0,
"Day C â€“ Bench press","15 Sep 2025, 19:27","15 Sep 2025, 20:20","","Dead Bug",,"",1,"normal",,10,,0,
"Day C â€“ Bench press","15 Sep 2025, 19:27","15 Sep 2025, 20:20","","Dead Bug",,"",2,"normal",,10,,0,
"Day B â€“ Overhead press","12 Sep 2025, 17:09","12 Sep 2025, 17:48","","Overhead Press (Barbell)",,"",0,"normal",35,3,,,
"Day B â€“ Overhead press","12 Sep 2025, 17:09","12 Sep 2025, 17:48","","Overhead Press (Barbell)",,"",1,"normal",35,3,,,
"Day B â€“ Overhead press","12 Sep 2025, 17:09","12 Sep 2025, 17:48","","Overhead Press (Barbell)",,"",2,"normal",35,3,,,
"Day B â€“ Overhead press","12 Sep 2025, 17:09","12 Sep 2025, 17:48","","Overhead Press (Barbell)",,"",3,"normal",35,3,,,
"Day B â€“ Overhead press","12 Sep 2025, 17:09","12 Sep 2025, 17:48","","Overhead Press (Barbell)",,"",4,"normal",35,5,,,
"Day B â€“ Overhead press","12 Sep 2025, 17:09","12 Sep 2025, 17:48","","Deadlift (Barbell)",,"",0,"normal",57.5,10,,,
"Day B â€“ Overhead press","12 Sep 2025, 17:09","12 Sep 2025, 17:48","","Deadlift (Barbell)",,"",1,"normal",57.5,10,,,
"Day B â€“ Overhead press","12 Sep 2025, 17:09","12 Sep 2025, 17:48","","Deadlift (Barbell)",,"",2,"normal",57.5,10,,,
"Day B â€“ Overhead press","12 Sep 2025, 17:09","12 Sep 2025, 17:48","","Face Pull",,"",0,"normal",15,10,,,
"Day B â€“ Overhead press","12 Sep 2025, 17:09","12 Sep 2025, 17:48","","Face Pull",,"",1,"normal",,10,,,
"Day A â€“ Squat","9 Sep 2025, 17:37","9 Sep 2025, 18:41","","Squat (Barbell)",,"",0,"normal",65,3,,,
"Day A â€“ Squat","9 Sep 2025, 17:37","9 Sep 2025, 18:41","","Squat (Barbell)",,"",1,"normal",65,3,,,
"Day A â€“ Squat","9 Sep 2025, 17:37","9 Sep 2025, 18:41","","Squat (Barbell)",,"",2,"normal",65,3,,,
"Day A â€“ Squat","9 Sep 2025, 17:37","9 Sep 2025, 18:41","","Squat (Barbell)",,"",3,"normal",65,3,,,
"Day A â€“ Squat","9 Sep 2025, 17:37","9 Sep 2025, 18:41","","Squat (Barbell)",,"",4,"normal",65,8,,,
"Day A â€“ Squat","9 Sep 2025, 17:37","9 Sep 2025, 18:41","","Bench Press (Barbell)",,"",0,"normal",33.5,10,,,
"Day A â€“ Squat","9 Sep 2025, 17:37","9 Sep 2025, 18:41","","Bench Press (Barbell)",,"",1,"normal",33.5,10,,,
"Day A â€“ Squat","9 Sep 2025, 17:37","9 Sep 2025, 18:41","","Bench Press (Barbell)",,"",2,"normal",33.5,10,,,
"Day A â€“ Squat","9 Sep 2025, 17:37","9 Sep 2025, 18:41","","Pull Up (Assisted)",,"",0,"normal",35,15,,,
"Day A â€“ Squat","9 Sep 2025, 17:37","9 Sep 2025, 18:41","","Pull Up (Assisted)",,"",1,"normal",35,15,,,
"Day A â€“ Squat","9 Sep 2025, 17:37","9 Sep 2025, 18:41","","Pull Up (Assisted)",,"",2,"normal",35,18,,,
"Day A â€“ Squat","9 Sep 2025, 17:37","9 Sep 2025, 18:41","","Dead Bug",,"",0,"normal",,10,,,
"Day A â€“ Squat","9 Sep 2025, 17:37","9 Sep 2025, 18:41","","Dead Bug",,"",1,"normal",,10,,,
"Day A â€“ Squat","9 Sep 2025, 17:37","9 Sep 2025, 18:41","","Dead Bug",,"",2,"normal",,10,,,
"Day A â€“ Squat","9 Sep 2025, 17:37","9 Sep 2025, 18:41","","Face Pull",,"",0,"normal",10,15,,,
"Day A â€“ Squat","9 Sep 2025, 17:37","9 Sep 2025, 18:41","","Face Pull",,"",1,"normal",10,15,,,
"Day A â€“ Squat","9 Sep 2025, 17:37","9 Sep 2025, 18:41","","Face Pull",,"",2,"normal",10,15,,,
"Day A â€“ Squat","9 Sep 2025, 17:37","9 Sep 2025, 18:41","","Back Extension (Weighted Hyperextension)",,"",0,"normal",,10,,,
"Day A â€“ Squat","9 Sep 2025, 17:37","9 Sep 2025, 18:41","","Back Extension (Weighted Hyperextension)",,"",1,"normal",,10,,,
"Day D â€“ Deadlift","6 Sep 2025, 11:45","6 Sep 2025, 13:06","","Face Pull",,"",0,"normal",10,15,,,
"Day D â€“ Deadlift","6 Sep 2025, 11:45","6 Sep 2025, 13:06","","Face Pull",,"",1,"normal",10,15,,,
"Day D â€“ Deadlift","6 Sep 2025, 11:45","6 Sep 2025, 13:06","","Face Pull",,"",2,"normal",10,15,,,
"Day D â€“ Deadlift","6 Sep 2025, 11:45","6 Sep 2025, 13:06","","Deadlift (Barbell)",,"",0,"normal",75,3,,,
"Day D â€“ Deadlift","6 Sep 2025, 11:45","6 Sep 2025, 13:06","","Deadlift (Barbell)",,"",1,"normal",75,3,,,
"Day D â€“ Deadlift","6 Sep 2025, 11:45","6 Sep 2025, 13:06","","Deadlift (Barbell)",,"",2,"normal",75,3,,,
"Day D â€“ Deadlift","6 Sep 2025, 11:45","6 Sep 2025, 13:06","","Deadlift (Barbell)",,"",3,"normal",75,3,,,
"Day D â€“ Deadlift","6 Sep 2025, 11:45","6 Sep 2025, 13:06","","Deadlift (Barbell)",,"",4,"normal",75,5,,,
"Day D â€“ Deadlift","6 Sep 2025, 11:45","6 Sep 2025, 13:06","","Overhead Press (Barbell)",,"",0,"normal",22.5,10,,,
"Day D â€“ Deadlift","6 Sep 2025, 11:45","6 Sep 2025, 13:06","","Overhead Press (Barbell)",,"",1,"normal",22.5,10,,,
"Day D â€“ Deadlift","6 Sep 2025, 11:45","6 Sep 2025, 13:06","","Overhead Press (Barbell)",,"",2,"normal",22.5,10,,,
"Day D â€“ Deadlift","6 Sep 2025, 11:45","6 Sep 2025, 13:06","","Dumbbell Row",,"",0,"normal",15,15,,,
"Day D â€“ Deadlift","6 Sep 2025, 11:45","6 Sep 2025, 13:06","","Dumbbell Row",,"",1,"normal",15,15,,,
"Day D â€“ Deadlift","6 Sep 2025, 11:45","6 Sep 2025, 13:06","","Dumbbell Row",,"",2,"normal",15,25,,,
"Day D â€“ Deadlift","6 Sep 2025, 11:45","6 Sep 2025, 13:06","","Seated Calf Raise",,"",0,"normal",22.5,15,,,
"Day D â€“ Deadlift","6 Sep 2025, 11:45","6 Sep 2025, 13:06","","Seated Calf Raise",,"",1,"normal",22.5,15,,,
"Day D â€“ Deadlift","6 Sep 2025, 11:45","6 Sep 2025, 13:06","","Seated Calf Raise",,"",2,"normal",22.5,25,,,
"Day C â€“ Bench press","4 Sep 2025, 18:23","4 Sep 2025, 19:30","","Face Pull",,"",0,"normal",10,15,,,
"Day C â€“ Bench press","4 Sep 2025, 18:23","4 Sep 2025, 19:30","","Face Pull",,"",1,"normal",10,15,,,
"Day C â€“ Bench press","4 Sep 2025, 18:23","4 Sep 2025, 19:30","","Face Pull",,"",2,"normal",10,15,,,
"Day C â€“ Bench press","4 Sep 2025, 18:23","4 Sep 2025, 19:30","","Bench Press (Barbell)",,"",0,"normal",45,3,,,
"Day C â€“ Bench press","4 Sep 2025, 18:23","4 Sep 2025, 19:30","","Bench Press (Barbell)",,"",1,"normal",45,3,,,
"Day C â€“ Bench press","4 Sep 2025, 18:23","4 Sep 2025, 19:30","","Bench Press (Barbell)",,"",2,"normal",45,3,,,
"Day C â€“ Bench press","4 Sep 2025, 18:23","4 Sep 2025, 19:30","","Bench Press (Barbell)",,"",3,"normal",45,3,,,
"Day C â€“ Bench press","4 Sep 2025, 18:23","4 Sep 2025, 19:30","","Bench Press (Barbell)",,"",4,"normal",45,5,,,
"Day C â€“ Bench press","4 Sep 2025, 18:23","4 Sep 2025, 19:30","","Front Squat",,"",0,"normal",32.5,10,,,
"Day C â€“ Bench press","4 Sep 2025, 18:23","4 Sep 2025, 19:30","","Front Squat",,"",1,"normal",32.5,10,,,
"Day C â€“ Bench press","4 Sep 2025, 18:23","4 Sep 2025, 19:30","","Front Squat",,"",2,"normal",32.5,10,,,
"Day C â€“ Bench press","4 Sep 2025, 18:23","4 Sep 2025, 19:30","","Pull Up (Assisted)",,"",0,"normal",35,15,,,
"Day C â€“ Bench press","4 Sep 2025, 18:23","4 Sep 2025, 19:30","","Pull Up (Assisted)",,"",1,"normal",35,15,,,
"Day C â€“ Bench press","4 Sep 2025, 18:23","4 Sep 2025, 19:30","","Pull Up (Assisted)",,"",2,"normal",35,15,,,
"Day C â€“ Bench press","4 Sep 2025, 18:23","4 Sep 2025, 19:30","","Dead Bug",,"",0,"normal",,10,,,
"Day C â€“ Bench press","4 Sep 2025, 18:23","4 Sep 2025, 19:30","","Dead Bug",,"",1,"normal",,10,,,
"Day C â€“ Bench press","4 Sep 2025, 18:23","4 Sep 2025, 19:30","","Dead Bug",,"",2,"normal",,10,,,
"Day B â€“ Overhead press","2 Sep 2025, 18:10","2 Sep 2025, 19:11","","Overhead Press (Barbell)",,"",0,"normal",32.5,3,,0,
"Day B â€“ Overhead press","2 Sep 2025, 18:10","2 Sep 2025, 19:11","","Overhead Press (Barbell)",,"",1,"normal",32.5,3,,0,
"Day B â€“ Overhead press","2 Sep 2025, 18:10","2 Sep 2025, 19:11","","Overhead Press (Barbell)",,"",2,"normal",32.5,3,,0,
"Day B â€“ Overhead press","2 Sep 2025, 18:10","2 Sep 2025, 19:11","","Overhead Press (Barbell)",,"",3,"normal",32.5,3,,0,
"Day B â€“ Overhead press","2 Sep 2025, 18:10","2 Sep 2025, 19:11","","Overhead Press (Barbell)",,"",4,"normal",32.5,6,,0,
"Day B â€“ Overhead press","2 Sep 2025, 18:10","2 Sep 2025, 19:11","","Deadlift (Barbell)",,"",0,"normal",55,10,,0,
"Day B â€“ Overhead press","2 Sep 2025, 18:10","2 Sep 2025, 19:11","","Deadlift (Barbell)",,"",1,"normal",55,10,,0,
"Day B â€“ Overhead press","2 Sep 2025, 18:10","2 Sep 2025, 19:11","","Deadlift (Barbell)",,"",2,"normal",55,10,,0,
"Day B â€“ Overhead press","2 Sep 2025, 18:10","2 Sep 2025, 19:11","","Dumbbell Row",,"",0,"normal",15,15,,0,
"Day B â€“ Overhead press","2 Sep 2025, 18:10","2 Sep 2025, 19:11","","Dumbbell Row",,"",1,"normal",15,15,,0,
"Day B â€“ Overhead press","2 Sep 2025, 18:10","2 Sep 2025, 19:11","","Dumbbell Row",,"",2,"normal",15,20,,0,
"Day B â€“ Overhead press","2 Sep 2025, 18:10","2 Sep 2025, 19:11","","Seated Calf Raise",,"",0,"normal",22.5,15,,0,
"Day B â€“ Overhead press","2 Sep 2025, 18:10","2 Sep 2025, 19:11","","Seated Calf Raise",,"",1,"normal",22.5,15,,0,
"Day B â€“ Overhead press","2 Sep 2025, 18:10","2 Sep 2025, 19:11","","Seated Calf Raise",,"",2,"normal",22.5,15,,0,
"Day A â€“ Squat","31 Aug 2025, 17:55","31 Aug 2025, 19:17","","Squat (Barbell)",,"",0,"normal",60,3,,,
"Day A â€“ Squat","31 Aug 2025, 17:55","31 Aug 2025, 19:17","","Squat (Barbell)",,"",1,"normal",60,3,,,
"Day A â€“ Squat","31 Aug 2025, 17:55","31 Aug 2025, 19:17","","Squat (Barbell)",,"",2,"normal",60,3,,,
"Day A â€“ Squat","31 Aug 2025, 17:55","31 Aug 2025, 19:17","","Squat (Barbell)",,"",3,"normal",60,3,,,
"Day A â€“ Squat","31 Aug 2025, 17:55","31 Aug 2025, 19:17","","Squat (Barbell)",,"",4,"normal",60,10,,,
"Day A â€“ Squat","31 Aug 2025, 17:55","31 Aug 2025, 19:17","","Bench Press (Barbell)",0,"",0,"normal",32.5,10,,,
"Day A â€“ Squat","31 Aug 2025, 17:55","31 Aug 2025, 19:17","","Bench Press (Barbell)",0,"",1,"normal",32.5,10,,,
"Day A â€“ Squat","31 Aug 2025, 17:55","31 Aug 2025, 19:17","","Bench Press (Barbell)",0,"",2,"normal",32.5,10,,,
"Day A â€“ Squat","31 Aug 2025, 17:55","31 Aug 2025, 19:17","","Side Bend (Dumbbell)",0,"",0,"normal",12.5,15,,,
"Day A â€“ Squat","31 Aug 2025, 17:55","31 Aug 2025, 19:17","","Side Bend (Dumbbell)",0,"",1,"normal",12.5,15,,,
"Day A â€“ Squat","31 Aug 2025, 17:55","31 Aug 2025, 19:17","","Side Bend (Dumbbell)",0,"",2,"normal",12.5,25,,,
"Day A â€“ Squat","31 Aug 2025, 17:55","31 Aug 2025, 19:17","","Pull Up (Assisted)",1,"",0,"normal",35,15,,,
"Day A â€“ Squat","31 Aug 2025, 17:55","31 Aug 2025, 19:17","","Pull Up (Assisted)",1,"",1,"normal",35,15,,,
"Day A â€“ Squat","31 Aug 2025, 17:55","31 Aug 2025, 19:17","","Pull Up (Assisted)",1,"",2,"normal",35,10,,,
"Day A â€“ Squat","31 Aug 2025, 17:55","31 Aug 2025, 19:17","","Dead Bug",1,"",0,"normal",,10,,,
"Day A â€“ Squat","31 Aug 2025, 17:55","31 Aug 2025, 19:17","","Dead Bug",1,"",1,"normal",,10,,,
"Day A â€“ Squat","31 Aug 2025, 17:55","31 Aug 2025, 19:17","","Dead Bug",1,"",2,"normal",,10,,,
"Day D â€“ Deadlift","27 Aug 2025, 18:10","27 Aug 2025, 19:19","","Deadlift (Barbell)",,"",0,"normal",70,3,,0,
"Day D â€“ Deadlift","27 Aug 2025, 18:10","27 Aug 2025, 19:19","","Deadlift (Barbell)",,"",1,"normal",70,3,,0,
"Day D â€“ Deadlift","27 Aug 2025, 18:10","27 Aug 2025, 19:19","","Deadlift (Barbell)",,"",2,"normal",70,3,,0,
"Day D â€“ Deadlift","27 Aug 2025, 18:10","27 Aug 2025, 19:19","","Deadlift (Barbell)",,"",3,"normal",70,3,,0,
"Day D â€“ Deadlift","27 Aug 2025, 18:10","27 Aug 2025, 19:19","","Deadlift (Barbell)",,"",4,"normal",70,8,,0,
"Day D â€“ Deadlift","27 Aug 2025, 18:10","27 Aug 2025, 19:19","","Overhead Press (Barbell)",,"",0,"normal",21.5,10,,0,
"Day D â€“ Deadlift","27 Aug 2025, 18:10","27 Aug 2025, 19:19","","Overhead Press (Barbell)",,"",1,"normal",21.5,10,,0,
"Day D â€“ Deadlift","27 Aug 2025, 18:10","27 Aug 2025, 19:19","","Overhead Press (Barbell)",,"",2,"normal",21.5,10,,0,
"Day D â€“ Deadlift","27 Aug 2025, 18:10","27 Aug 2025, 19:19","","Dumbbell Row",,"",0,"normal",12.5,15,,0,
"Day D â€“ Deadlift","27 Aug 2025, 18:10","27 Aug 2025, 19:19","","Dumbbell Row",,"",1,"normal",12.5,15,,0,
"Day D â€“ Deadlift","27 Aug 2025, 18:10","27 Aug 2025, 19:19","","Dumbbell Row",,"",2,"normal",12.5,25,,0,
"Day D â€“ Deadlift","27 Aug 2025, 18:10","27 Aug 2025, 19:19","","Seated Calf Raise",,"",0,"normal",22.5,15,,0,
"Day D â€“ Deadlift","27 Aug 2025, 18:10","27 Aug 2025, 19:19","","Seated Calf Raise",,"",1,"normal",22.5,15,,0,
"Day D â€“ Deadlift","27 Aug 2025, 18:10","27 Aug 2025, 19:19","","Seated Calf Raise",,"",2,"normal",22.5,20,,0,
"Day C â€“ Bench press","25 Aug 2025, 18:07","25 Aug 2025, 19:11","PitkÃ¤ olkapÃ¤Ã¤lÃ¤mppÃ¤ ennen penkkiÃ¤ kannatti. Ei ainakaan vielÃ¤ sattunut olkapÃ¤Ã¤hÃ¤n. Katsotaan huomenna ðŸ˜…","Bench Press (Barbell)",,"",0,"normal",42.5,3,,,
"Day C â€“ Bench press","25 Aug 2025, 18:07","25 Aug 2025, 19:11","PitkÃ¤ olkapÃ¤Ã¤lÃ¤mppÃ¤ ennen penkkiÃ¤ kannatti. Ei ainakaan vielÃ¤ sattunut olkapÃ¤Ã¤hÃ¤n. Katsotaan huomenna ðŸ˜…","Bench Press (Barbell)",,"",1,"normal",42.5,3,,,
"Day C â€“ Bench press","25 Aug 2025, 18:07","25 Aug 2025, 19:11","PitkÃ¤ olkapÃ¤Ã¤lÃ¤mppÃ¤ ennen penkkiÃ¤ kannatti. Ei ainakaan vielÃ¤ sattunut olkapÃ¤Ã¤hÃ¤n. Katsotaan huomenna ðŸ˜…","Bench Press (Barbell)",,"",2,"normal",42.5,3,,,
"Day C â€“ Bench press","25 Aug 2025, 18:07","25 Aug 2025, 19:11","PitkÃ¤ olkapÃ¤Ã¤lÃ¤mppÃ¤ ennen penkkiÃ¤ kannatti. Ei ainakaan vielÃ¤ sattunut olkapÃ¤Ã¤hÃ¤n. Katsotaan huomenna ðŸ˜…","Bench Press (Barbell)",,"",3,"normal",42.5,3,,,
"Day C â€“ Bench press","25 Aug 2025, 18:07","25 Aug 2025, 19:11","PitkÃ¤ olkapÃ¤Ã¤lÃ¤mppÃ¤ ennen penkkiÃ¤ kannatti. Ei ainakaan vielÃ¤ sattunut olkapÃ¤Ã¤hÃ¤n. Katsotaan huomenna ðŸ˜…","Bench Press (Barbell)",,"",4,"normal",42.5,5,,,
"Day C â€“ Bench press","25 Aug 2025, 18:07","25 Aug 2025, 19:11","PitkÃ¤ olkapÃ¤Ã¤lÃ¤mppÃ¤ ennen penkkiÃ¤ kannatti. Ei ainakaan vielÃ¤ sattunut olkapÃ¤Ã¤hÃ¤n. Katsotaan huomenna ðŸ˜…","Front Squat",,"",0,"normal",30,10,,,
"Day C â€“ Bench press","25 Aug 2025, 18:07","25 Aug 2025, 19:11","PitkÃ¤ olkapÃ¤Ã¤lÃ¤mppÃ¤ ennen penkkiÃ¤ kannatti. Ei ainakaan vielÃ¤ sattunut olkapÃ¤Ã¤hÃ¤n. Katsotaan huomenna ðŸ˜…","Front Squat",,"",1,"normal",30,10,,,
"Day C â€“ Bench press","25 Aug 2025, 18:07","25 Aug 2025, 19:11","PitkÃ¤ olkapÃ¤Ã¤lÃ¤mppÃ¤ ennen penkkiÃ¤ kannatti. Ei ainakaan vielÃ¤ sattunut olkapÃ¤Ã¤hÃ¤n. Katsotaan huomenna ðŸ˜…","Front Squat",,"",2,"normal",30,10,,,
"Day C â€“ Bench press","25 Aug 2025, 18:07","25 Aug 2025, 19:11","PitkÃ¤ olkapÃ¤Ã¤lÃ¤mppÃ¤ ennen penkkiÃ¤ kannatti. Ei ainakaan vielÃ¤ sattunut olkapÃ¤Ã¤hÃ¤n. Katsotaan huomenna ðŸ˜…","Pull Up (Assisted)",,"",0,"normal",40,15,,,
"Day C â€“ Bench press","25 Aug 2025, 18:07","25 Aug 2025, 19:11","PitkÃ¤ olkapÃ¤Ã¤lÃ¤mppÃ¤ ennen penkkiÃ¤ kannatti. Ei ainakaan vielÃ¤ sattunut olkapÃ¤Ã¤hÃ¤n. Katsotaan huomenna ðŸ˜…","Pull Up (Assisted)",,"",1,"normal",40,15,,,
"Day C â€“ Bench press","25 Aug 2025, 18:07","25 Aug 2025, 19:11","PitkÃ¤ olkapÃ¤Ã¤lÃ¤mppÃ¤ ennen penkkiÃ¤ kannatti. Ei ainakaan vielÃ¤ sattunut olkapÃ¤Ã¤hÃ¤n. Katsotaan huomenna ðŸ˜…","Pull Up (Assisted)",,"",2,"normal",40,25,,,
"Day B â€“ Overhead press","24 Aug 2025, 13:57","24 Aug 2025, 14:59","Ei tuntunut samalla tavalla pahalta selÃ¤ssÃ¤ kuin viime treeni ðŸ‘Œ","Overhead Press (Barbell)",,"",0,"normal",30,3,,,
"Day B â€“ Overhead press","24 Aug 2025, 13:57","24 Aug 2025, 14:59","Ei tuntunut samalla tavalla pahalta selÃ¤ssÃ¤ kuin viime treeni ðŸ‘Œ","Overhead Press (Barbell)",,"",1,"normal",30,3,,,
"Day B â€“ Overhead press","24 Aug 2025, 13:57","24 Aug 2025, 14:59","Ei tuntunut samalla tavalla pahalta selÃ¤ssÃ¤ kuin viime treeni ðŸ‘Œ","Overhead Press (Barbell)",,"",2,"normal",30,3,,,
"Day B â€“ Overhead press","24 Aug 2025, 13:57","24 Aug 2025, 14:59","Ei tuntunut samalla tavalla pahalta selÃ¤ssÃ¤ kuin viime treeni ðŸ‘Œ","Overhead Press (Barbell)",,"",3,"normal",30,3,,,
"Day B â€“ Overhead press","24 Aug 2025, 13:57","24 Aug 2025, 14:59","Ei tuntunut samalla tavalla pahalta selÃ¤ssÃ¤ kuin viime treeni ðŸ‘Œ","Overhead Press (Barbell)",,"",4,"normal",30,7,,,
"Day B â€“ Overhead press","24 Aug 2025, 13:57","24 Aug 2025, 14:59","Ei tuntunut samalla tavalla pahalta selÃ¤ssÃ¤ kuin viime treeni ðŸ‘Œ","Deadlift (Barbell)",,"",0,"normal",52.5,10,,,
"Day B â€“ Overhead press","24 Aug 2025, 13:57","24 Aug 2025, 14:59","Ei tuntunut samalla tavalla pahalta selÃ¤ssÃ¤ kuin viime treeni ðŸ‘Œ","Deadlift (Barbell)",,"",1,"normal",52.5,10,,,
"Day B â€“ Overhead press","24 Aug 2025, 13:57","24 Aug 2025, 14:59","Ei tuntunut samalla tavalla pahalta selÃ¤ssÃ¤ kuin viime treeni ðŸ‘Œ","Deadlift (Barbell)",,"",2,"normal",52.5,10,,,
"Day B â€“ Overhead press","24 Aug 2025, 13:57","24 Aug 2025, 14:59","Ei tuntunut samalla tavalla pahalta selÃ¤ssÃ¤ kuin viime treeni ðŸ‘Œ","Dumbbell Row",,"",0,"normal",12.5,15,,,
"Day B â€“ Overhead press","24 Aug 2025, 13:57","24 Aug 2025, 14:59","Ei tuntunut samalla tavalla pahalta selÃ¤ssÃ¤ kuin viime treeni ðŸ‘Œ","Dumbbell Row",,"",1,"normal",12.5,15,,,
"Day B â€“ Overhead press","24 Aug 2025, 13:57","24 Aug 2025, 14:59","Ei tuntunut samalla tavalla pahalta selÃ¤ssÃ¤ kuin viime treeni ðŸ‘Œ","Dumbbell Row",,"",2,"normal",12.5,21,,,
"Day B â€“ Overhead press","24 Aug 2025, 13:57","24 Aug 2025, 14:59","Ei tuntunut samalla tavalla pahalta selÃ¤ssÃ¤ kuin viime treeni ðŸ‘Œ","Seated Calf Raise",,"",0,"normal",20,15,,,
"Day B â€“ Overhead press","24 Aug 2025, 13:57","24 Aug 2025, 14:59","Ei tuntunut samalla tavalla pahalta selÃ¤ssÃ¤ kuin viime treeni ðŸ‘Œ","Seated Calf Raise",,"",1,"normal",20,15,,,
"Day B â€“ Overhead press","24 Aug 2025, 13:57","24 Aug 2025, 14:59","Ei tuntunut samalla tavalla pahalta selÃ¤ssÃ¤ kuin viime treeni ðŸ‘Œ","Seated Calf Raise",,"",2,"normal",20,25,,,
"Day A â€“ Squat","22 Aug 2025, 17:54","22 Aug 2025, 19:03","","Squat (Barbell)",,"",0,"normal",55,3,,,
"Day A â€“ Squat","22 Aug 2025, 17:54","22 Aug 2025, 19:03","","Squat (Barbell)",,"",1,"normal",55,3,,,
"Day A â€“ Squat","22 Aug 2025, 17:54","22 Aug 2025, 19:03","","Squat (Barbell)",,"",2,"normal",55,3,,,
"Day A â€“ Squat","22 Aug 2025, 17:54","22 Aug 2025, 19:03","","Squat (Barbell)",,"",3,"normal",55,3,,,
"Day A â€“ Squat","22 Aug 2025, 17:54","22 Aug 2025, 19:03","","Squat (Barbell)",,"",4,"normal",55,10,,,
"Day A â€“ Squat","22 Aug 2025, 17:54","22 Aug 2025, 19:03","","Bench Press (Barbell)",0,"",0,"normal",31.5,10,,,
"Day A â€“ Squat","22 Aug 2025, 17:54","22 Aug 2025, 19:03","","Bench Press (Barbell)",0,"",1,"normal",31.5,10,,,
"Day A â€“ Squat","22 Aug 2025, 17:54","22 Aug 2025, 19:03","","Bench Press (Barbell)",0,"",2,"normal",31.5,10,,,
"Day A â€“ Squat","22 Aug 2025, 17:54","22 Aug 2025, 19:03","","Side Bend (Dumbbell)",0,"",0,"normal",10,15,,,
"Day A â€“ Squat","22 Aug 2025, 17:54","22 Aug 2025, 19:03","","Side Bend (Dumbbell)",0,"",1,"normal",10,15,,,
"Day A â€“ Squat","22 Aug 2025, 17:54","22 Aug 2025, 19:03","","Side Bend (Dumbbell)",0,"",2,"normal",10,25,,,
"Day A â€“ Squat","22 Aug 2025, 17:54","22 Aug 2025, 19:03","","Pull Up (Assisted)",1,"",0,"normal",40,15,,,
"Day A â€“ Squat","22 Aug 2025, 17:54","22 Aug 2025, 19:03","","Pull Up (Assisted)",1,"",1,"normal",40,15,,,
"Day A â€“ Squat","22 Aug 2025, 17:54","22 Aug 2025, 19:03","","Pull Up (Assisted)",1,"",2,"normal",40,20,,,
"Day A â€“ Squat","22 Aug 2025, 17:54","22 Aug 2025, 19:03","","Dead Bug",1,"",0,"normal",,10,,,
"Day A â€“ Squat","22 Aug 2025, 17:54","22 Aug 2025, 19:03","","Dead Bug",1,"",1,"normal",,10,,,
"Day A â€“ Squat","22 Aug 2025, 17:54","22 Aug 2025, 19:03","","Dead Bug",1,"",2,"normal",,10,,,
"Day A â€“ Squat","22 Aug 2025, 17:54","22 Aug 2025, 19:03","","Face Pull",,"",0,"normal",25,10,,,
"Day A â€“ Squat","22 Aug 2025, 17:54","22 Aug 2025, 19:03","","Face Pull",,"",1,"normal",25,10,,,
"Day A â€“ Squat","22 Aug 2025, 17:54","22 Aug 2025, 19:03","","Face Pull",,"",2,"normal",25,10,,,
"Day D â€“ Deadlift","19 Aug 2025, 17:54","19 Aug 2025, 19:13","Mave ei tuntunut pahalta selÃ¤ssÃ¤! Ja PP:kin tuntui ihan mukavalta.","Deadlift (Barbell)",,"",0,"normal",65,3,,,
"Day D â€“ Deadlift","19 Aug 2025, 17:54","19 Aug 2025, 19:13","Mave ei tuntunut pahalta selÃ¤ssÃ¤! Ja PP:kin tuntui ihan mukavalta.","Deadlift (Barbell)",,"",1,"normal",65,3,,,
"Day D â€“ Deadlift","19 Aug 2025, 17:54","19 Aug 2025, 19:13","Mave ei tuntunut pahalta selÃ¤ssÃ¤! Ja PP:kin tuntui ihan mukavalta.","Deadlift (Barbell)",,"",2,"normal",65,3,,,
"Day D â€“ Deadlift","19 Aug 2025, 17:54","19 Aug 2025, 19:13","Mave ei tuntunut pahalta selÃ¤ssÃ¤! Ja PP:kin tuntui ihan mukavalta.","Deadlift (Barbell)",,"",3,"normal",65,3,,,
"Day D â€“ Deadlift","19 Aug 2025, 17:54","19 Aug 2025, 19:13","Mave ei tuntunut pahalta selÃ¤ssÃ¤! Ja PP:kin tuntui ihan mukavalta.","Deadlift (Barbell)",,"",4,"normal",65,10,,,
"Day D â€“ Deadlift","19 Aug 2025, 17:54","19 Aug 2025, 19:13","Mave ei tuntunut pahalta selÃ¤ssÃ¤! Ja PP:kin tuntui ihan mukavalta.","Overhead Press (Barbell)",,"",0,"normal",20,10,,,
"Day D â€“ Deadlift","19 Aug 2025, 17:54","19 Aug 2025, 19:13","Mave ei tuntunut pahalta selÃ¤ssÃ¤! Ja PP:kin tuntui ihan mukavalta.","Overhead Press (Barbell)",,"",1,"normal",20,10,,,
"Day D â€“ Deadlift","19 Aug 2025, 17:54","19 Aug 2025, 19:13","Mave ei tuntunut pahalta selÃ¤ssÃ¤! Ja PP:kin tuntui ihan mukavalta.","Overhead Press (Barbell)",,"",2,"normal",20,10,,,
"Day D â€“ Deadlift","19 Aug 2025, 17:54","19 Aug 2025, 19:13","Mave ei tuntunut pahalta selÃ¤ssÃ¤! Ja PP:kin tuntui ihan mukavalta.","Dumbbell Row",,"",0,"normal",12.5,15,,,
"Day D â€“ Deadlift","19 Aug 2025, 17:54","19 Aug 2025, 19:13","Mave ei tuntunut pahalta selÃ¤ssÃ¤! Ja PP:kin tuntui ihan mukavalta.","Dumbbell Row",,"",1,"normal",12.5,15,,,
"Day D â€“ Deadlift","19 Aug 2025, 17:54","19 Aug 2025, 19:13","Mave ei tuntunut pahalta selÃ¤ssÃ¤! Ja PP:kin tuntui ihan mukavalta.","Dumbbell Row",,"",2,"normal",12.5,20,,,
"Day D â€“ Deadlift","19 Aug 2025, 17:54","19 Aug 2025, 19:13","Mave ei tuntunut pahalta selÃ¤ssÃ¤! Ja PP:kin tuntui ihan mukavalta.","Seated Calf Raise",,"",0,"normal",20,15,,,
"Day D â€“ Deadlift","19 Aug 2025, 17:54","19 Aug 2025, 19:13","Mave ei tuntunut pahalta selÃ¤ssÃ¤! Ja PP:kin tuntui ihan mukavalta.","Seated Calf Raise",,"",1,"normal",20,15,,,
"Day C â€“ Bench press","17 Aug 2025, 17:00","17 Aug 2025, 18:04","","Bench Press (Barbell)",,"",0,"normal",40,3,,0,
"Day C â€“ Bench press","17 Aug 2025, 17:00","17 Aug 2025, 18:04","","Bench Press (Barbell)",,"",1,"normal",40,3,,0,
"Day C â€“ Bench press","17 Aug 2025, 17:00","17 Aug 2025, 18:04","","Bench Press (Barbell)",,"",2,"normal",40,3,,0,
"Day C â€“ Bench press","17 Aug 2025, 17:00","17 Aug 2025, 18:04","","Bench Press (Barbell)",,"",3,"normal",40,3,,0,
"Day C â€“ Bench press","17 Aug 2025, 17:00","17 Aug 2025, 18:04","","Bench Press (Barbell)",,"",4,"normal",40,3,,0,
"Day C â€“ Bench press","17 Aug 2025, 17:00","17 Aug 2025, 18:04","","Squat (Barbell)",,"",0,"normal",40,10,,0,
"Day C â€“ Bench press","17 Aug 2025, 17:00","17 Aug 2025, 18:04","","Squat (Barbell)",,"",1,"normal",40,10,,0,
"Day C â€“ Bench press","17 Aug 2025, 17:00","17 Aug 2025, 18:04","","Squat (Barbell)",,"",2,"normal",40,10,,0,
"Day C â€“ Bench press","17 Aug 2025, 17:00","17 Aug 2025, 18:04","","Pull Up (Assisted)",,"",0,"normal",45,15,,0,
"Day C â€“ Bench press","17 Aug 2025, 17:00","17 Aug 2025, 18:04","","Pull Up (Assisted)",,"",1,"normal",45,15,,0,
"Day C â€“ Bench press","17 Aug 2025, 17:00","17 Aug 2025, 18:04","","Pull Up (Assisted)",,"",2,"normal",45,25,,0,
"Day B â€“ Overhead press","14 Aug 2025, 17:40","14 Aug 2025, 18:20","Reaktorin gymi","Overhead Press (Barbell)",,"",0,"normal",27.5,3,,,
"Day B â€“ Overhead press","14 Aug 2025, 17:40","14 Aug 2025, 18:20","Reaktorin gymi","Overhead Press (Barbell)",,"",1,"normal",27.5,3,,,
"Day B â€“ Overhead press","14 Aug 2025, 17:40","14 Aug 2025, 18:20","Reaktorin gymi","Overhead Press (Barbell)",,"",2,"normal",27.5,3,,,
"Day B â€“ Overhead press","14 Aug 2025, 17:40","14 Aug 2025, 18:20","Reaktorin gymi","Overhead Press (Barbell)",,"",3,"normal",27.5,3,,,
"Day B â€“ Overhead press","14 Aug 2025, 17:40","14 Aug 2025, 18:20","Reaktorin gymi","Overhead Press (Barbell)",,"",4,"normal",27.5,7,,,
"Day B â€“ Overhead press","14 Aug 2025, 17:40","14 Aug 2025, 18:20","Reaktorin gymi","Deadlift (Barbell)",,"",0,"normal",50,10,,,
"Day B â€“ Overhead press","14 Aug 2025, 17:40","14 Aug 2025, 18:20","Reaktorin gymi","Deadlift (Barbell)",,"",1,"normal",50,10,,,
"Day B â€“ Overhead press","14 Aug 2025, 17:40","14 Aug 2025, 18:20","Reaktorin gymi","Deadlift (Barbell)",,"",2,"normal",50,10,,,
"Day B â€“ Overhead press","14 Aug 2025, 17:40","14 Aug 2025, 18:20","Reaktorin gymi","Lat Pulldown (Cable)",,"",0,"normal",27.5,15,,,
"Day B â€“ Overhead press","14 Aug 2025, 17:40","14 Aug 2025, 18:20","Reaktorin gymi","Lat Pulldown (Cable)",,"",1,"normal",27.5,15,,,
"Day B â€“ Overhead press","14 Aug 2025, 17:40","14 Aug 2025, 18:20","Reaktorin gymi","Lat Pulldown (Cable)",,"",2,"normal",27.5,25,,,
"Day A â€“ Squat","11 Aug 2025, 16:59","11 Aug 2025, 17:52","","Squat (Barbell)",,"",0,"normal",50,3,,,
"Day A â€“ Squat","11 Aug 2025, 16:59","11 Aug 2025, 17:52","","Squat (Barbell)",,"",1,"normal",50,3,,,
"Day A â€“ Squat","11 Aug 2025, 16:59","11 Aug 2025, 17:52","","Squat (Barbell)",,"",2,"normal",50,3,,,
"Day A â€“ Squat","11 Aug 2025, 16:59","11 Aug 2025, 17:52","","Squat (Barbell)",,"",3,"normal",50,3,,,
"Day A â€“ Squat","11 Aug 2025, 16:59","11 Aug 2025, 17:52","","Squat (Barbell)",,"",4,"normal",50,3,,,
"Day A â€“ Squat","11 Aug 2025, 16:59","11 Aug 2025, 17:52","","Bench Press (Barbell)",,"",0,"normal",30,10,,,
"Day A â€“ Squat","11 Aug 2025, 16:59","11 Aug 2025, 17:52","","Bench Press (Barbell)",,"",1,"normal",30,10,,,
"Day A â€“ Squat","11 Aug 2025, 16:59","11 Aug 2025, 17:52","","Bench Press (Barbell)",,"",2,"normal",30,10,,,
"Day A â€“ Squat","11 Aug 2025, 16:59","11 Aug 2025, 17:52","","Pull Up (Assisted)",,"",0,"normal",50,15,,,
"Day A â€“ Squat","11 Aug 2025, 16:59","11 Aug 2025, 17:52","","Pull Up (Assisted)",,"",1,"normal",50,15,,,
"Day A â€“ Squat","11 Aug 2025, 16:59","11 Aug 2025, 17:52","","Pull Up (Assisted)",,"",2,"normal",50,25,,,
"Day A â€“ Squat","11 Aug 2025, 16:59","11 Aug 2025, 17:52","","Bicep Curl (Barbell)",,"",0,"normal",17.5,10,,,
"Day A â€“ Squat","11 Aug 2025, 16:59","11 Aug 2025, 17:52","","Bicep Curl (Barbell)",,"",1,"normal",17.5,10,,,
"Day A â€“ Squat","11 Aug 2025, 16:59","11 Aug 2025, 17:52","","Bicep Curl (Barbell)",,"",2,"normal",17.5,10,,,
"5RM testipÃ¤ivÃ¤","8 Aug 2025, 12:25","8 Aug 2025, 13:02","Mave tuntui vÃ¤hÃ¤n selÃ¤ssÃ¤. PenkissÃ¤ edelleen haasteita oikean puolen kanssa. Kyykyt yllÃ¤ttÃ¤vÃ¤n mukavia. PP on edelleen rintakehÃ¤lle vaikea. VÃ¤lillÃ¤ tuntui kaatuvan taakse.","Deadlift (Barbell)",,"",0,"warmup",40,5,,,
"5RM testipÃ¤ivÃ¤","8 Aug 2025, 12:25","8 Aug 2025, 13:02","Mave tuntui vÃ¤hÃ¤n selÃ¤ssÃ¤. PenkissÃ¤ edelleen haasteita oikean puolen kanssa. Kyykyt yllÃ¤ttÃ¤vÃ¤n mukavia. PP on edelleen rintakehÃ¤lle vaikea. VÃ¤lillÃ¤ tuntui kaatuvan taakse.","Deadlift (Barbell)",,"",1,"warmup",50,5,,,
"5RM testipÃ¤ivÃ¤","8 Aug 2025, 12:25","8 Aug 2025, 13:02","Mave tuntui vÃ¤hÃ¤n selÃ¤ssÃ¤. PenkissÃ¤ edelleen haasteita oikean puolen kanssa. Kyykyt yllÃ¤ttÃ¤vÃ¤n mukavia. PP on edelleen rintakehÃ¤lle vaikea. VÃ¤lillÃ¤ tuntui kaatuvan taakse.","Deadlift (Barbell)",,"",2,"warmup",60,5,,,
"5RM testipÃ¤ivÃ¤","8 Aug 2025, 12:25","8 Aug 2025, 13:02","Mave tuntui vÃ¤hÃ¤n selÃ¤ssÃ¤. PenkissÃ¤ edelleen haasteita oikean puolen kanssa. Kyykyt yllÃ¤ttÃ¤vÃ¤n mukavia. PP on edelleen rintakehÃ¤lle vaikea. VÃ¤lillÃ¤ tuntui kaatuvan taakse.","Deadlift (Barbell)",,"",3,"normal",65,5,,,
"5RM testipÃ¤ivÃ¤","8 Aug 2025, 12:25","8 Aug 2025, 13:02","Mave tuntui vÃ¤hÃ¤n selÃ¤ssÃ¤. PenkissÃ¤ edelleen haasteita oikean puolen kanssa. Kyykyt yllÃ¤ttÃ¤vÃ¤n mukavia. PP on edelleen rintakehÃ¤lle vaikea. VÃ¤lillÃ¤ tuntui kaatuvan taakse.","Overhead Press (Barbell)",,"",0,"warmup",20,5,,,
"5RM testipÃ¤ivÃ¤","8 Aug 2025, 12:25","8 Aug 2025, 13:02","Mave tuntui vÃ¤hÃ¤n selÃ¤ssÃ¤. PenkissÃ¤ edelleen haasteita oikean puolen kanssa. Kyykyt yllÃ¤ttÃ¤vÃ¤n mukavia. PP on edelleen rintakehÃ¤lle vaikea. VÃ¤lillÃ¤ tuntui kaatuvan taakse.","Overhead Press (Barbell)",,"",1,"warmup",25,5,,,
"5RM testipÃ¤ivÃ¤","8 Aug 2025, 12:25","8 Aug 2025, 13:02","Mave tuntui vÃ¤hÃ¤n selÃ¤ssÃ¤. PenkissÃ¤ edelleen haasteita oikean puolen kanssa. Kyykyt yllÃ¤ttÃ¤vÃ¤n mukavia. PP on edelleen rintakehÃ¤lle vaikea. VÃ¤lillÃ¤ tuntui kaatuvan taakse.","Overhead Press (Barbell)",,"",2,"normal",27.5,5,,,
"5RM testipÃ¤ivÃ¤","8 Aug 2025, 12:25","8 Aug 2025, 13:02","Mave tuntui vÃ¤hÃ¤n selÃ¤ssÃ¤. PenkissÃ¤ edelleen haasteita oikean puolen kanssa. Kyykyt yllÃ¤ttÃ¤vÃ¤n mukavia. PP on edelleen rintakehÃ¤lle vaikea. VÃ¤lillÃ¤ tuntui kaatuvan taakse.","Bench Press (Barbell)",,"",0,"warmup",20,10,,,
"5RM testipÃ¤ivÃ¤","8 Aug 2025, 12:25","8 Aug 2025, 13:02","Mave tuntui vÃ¤hÃ¤n selÃ¤ssÃ¤. PenkissÃ¤ edelleen haasteita oikean puolen kanssa. Kyykyt yllÃ¤ttÃ¤vÃ¤n mukavia. PP on edelleen rintakehÃ¤lle vaikea. VÃ¤lillÃ¤ tuntui kaatuvan taakse.","Bench Press (Barbell)",,"",1,"normal",30,5,,,
"5RM testipÃ¤ivÃ¤","8 Aug 2025, 12:25","8 Aug 2025, 13:02","Mave tuntui vÃ¤hÃ¤n selÃ¤ssÃ¤. PenkissÃ¤ edelleen haasteita oikean puolen kanssa. Kyykyt yllÃ¤ttÃ¤vÃ¤n mukavia. PP on edelleen rintakehÃ¤lle vaikea. VÃ¤lillÃ¤ tuntui kaatuvan taakse.","Bench Press (Barbell)",,"",2,"normal",35,5,,,
"5RM testipÃ¤ivÃ¤","8 Aug 2025, 12:25","8 Aug 2025, 13:02","Mave tuntui vÃ¤hÃ¤n selÃ¤ssÃ¤. PenkissÃ¤ edelleen haasteita oikean puolen kanssa. Kyykyt yllÃ¤ttÃ¤vÃ¤n mukavia. PP on edelleen rintakehÃ¤lle vaikea. VÃ¤lillÃ¤ tuntui kaatuvan taakse.","Bench Press (Barbell)",,"",3,"normal",40,5,,,
"5RM testipÃ¤ivÃ¤","8 Aug 2025, 12:25","8 Aug 2025, 13:02","Mave tuntui vÃ¤hÃ¤n selÃ¤ssÃ¤. PenkissÃ¤ edelleen haasteita oikean puolen kanssa. Kyykyt yllÃ¤ttÃ¤vÃ¤n mukavia. PP on edelleen rintakehÃ¤lle vaikea. VÃ¤lillÃ¤ tuntui kaatuvan taakse.","Squat (Barbell)",,"",0,"warmup",20,10,,,
"5RM testipÃ¤ivÃ¤","8 Aug 2025, 12:25","8 Aug 2025, 13:02","Mave tuntui vÃ¤hÃ¤n selÃ¤ssÃ¤. PenkissÃ¤ edelleen haasteita oikean puolen kanssa. Kyykyt yllÃ¤ttÃ¤vÃ¤n mukavia. PP on edelleen rintakehÃ¤lle vaikea. VÃ¤lillÃ¤ tuntui kaatuvan taakse.","Squat (Barbell)",,"",1,"warmup",30,5,,,
"5RM testipÃ¤ivÃ¤","8 Aug 2025, 12:25","8 Aug 2025, 13:02","Mave tuntui vÃ¤hÃ¤n selÃ¤ssÃ¤. PenkissÃ¤ edelleen haasteita oikean puolen kanssa. Kyykyt yllÃ¤ttÃ¤vÃ¤n mukavia. PP on edelleen rintakehÃ¤lle vaikea. VÃ¤lillÃ¤ tuntui kaatuvan taakse.","Squat (Barbell)",,"",2,"warmup",40,5,,,
"5RM testipÃ¤ivÃ¤","8 Aug 2025, 12:25","8 Aug 2025, 13:02","Mave tuntui vÃ¤hÃ¤n selÃ¤ssÃ¤. PenkissÃ¤ edelleen haasteita oikean puolen kanssa. Kyykyt yllÃ¤ttÃ¤vÃ¤n mukavia. PP on edelleen rintakehÃ¤lle vaikea. VÃ¤lillÃ¤ tuntui kaatuvan taakse.","Squat (Barbell)",,"",3,"normal",50,5,,,